code,company,name,gender,age
0,4You,Roy***REMOVED***Braun,male,21
1,4You,Joseph***REMOVED***Holsten,male,37
2,4You,Wilma***REMOVED***Mcinnis,female,48
3,4You,Paula***REMOVED***Daniel,female,23
4,4You,Patricia***REMOVED***Carson,female,44
5,4You,Trina***REMOVED***Thomas,none,47
6,4You,Jesse***REMOVED***Decelle,male,46
7,4You,Gregoria***REMOVED***Gil,female,21
8,4You,Jack***REMOVED***Sabo,none,41
9,4You,Debbie***REMOVED***Helms,none,35
10,4You,Melvin***REMOVED***Lovejoy,male,36
11,4You,Virginia***REMOVED***Roberts,female,61
12,4You,David***REMOVED***Thomas,male,53
13,4You,Irene***REMOVED***Tucker,none,36
14,4You,John***REMOVED***Cody,male,37
15,4You,Janice***REMOVED***Cudney,female,56
16,4You,Shane***REMOVED***Hubner,female,47
17,4You,Victor***REMOVED***Tribbett,none,25
18,4You,Tanya***REMOVED***Orourke,none,65
19,4You,John***REMOVED***Bennett,male,22
20,4You,Sally***REMOVED***Roberts,female,65
21,4You,Julia***REMOVED***Meinhart,female,56
22,4You,Michele***REMOVED***Ashford,female,51
23,4You,Leslie***REMOVED***Sandoval,male,35
24,4You,Calvin***REMOVED***Cuellar,male,60
25,4You,Elizabeth***REMOVED***Smith,female,64
26,4You,Yolanda***REMOVED***Connolly,female,49
27,4You,Sean***REMOVED***Pearson,male,62
28,4You,April***REMOVED***Miller,female,46
29,4You,Lisa***REMOVED***Natera,female,35
30,4You,Alberta***REMOVED***Bornhorst,female,59
31,4You,Christopher***REMOVED***Elliott,none,40
32,4You,Wesley***REMOVED***Locker,male,44
33,4You,Ida***REMOVED***Turzak,female,56
34,4You,Anita***REMOVED***Petersen,female,21
35,4You,Helen***REMOVED***Selby,none,34
36,4You,Anna***REMOVED***Rodriguez,none,56
37,4You,Denise***REMOVED***Newton,none,27
38,4You,Nancy***REMOVED***Dowdy,female,47
39,4You,Billie***REMOVED***Dwight,female,48
40,4You,Carlos***REMOVED***Campbell,none,42
41,4You,Sandra***REMOVED***Bissonnette,female,62
42,4You,Robert***REMOVED***Collins,male,61
43,4You,Louise***REMOVED***James,female,24
44,4You,David***REMOVED***Brisco,male,21
45,4You,Margaret***REMOVED***Paul,female,54
46,4You,Bobby***REMOVED***Garcia,male,42
47,4You,Kevin***REMOVED***Lindholm,male,28
48,4You,Clyde***REMOVED***Ruiz,male,46
49,4You,Charles***REMOVED***Wilenkin,male,55
50,4You,Monique***REMOVED***Williams,female,56
51,4You,Jenell***REMOVED***Torbus,female,39
52,4You,Joyce***REMOVED***Jacobsen,female,55
53,4You,Carol***REMOVED***Dixon,female,23
54,4You,Dorothea***REMOVED***Delaney,female,21
55,4You,Ivory***REMOVED***Shiner,none,38
56,4You,Lindsey***REMOVED***Pille,none,39
57,4You,Dorothy***REMOVED***Dyson,female,32
58,4You,Ernie***REMOVED***Walker,male,37
59,4You,Katherine***REMOVED***Martinez,none,29
60,4You,Fred***REMOVED***Moreta,male,47
61,4You,Susan***REMOVED***Armstrong,female,61
62,4You,David***REMOVED***Ray,none,32
63,4You,Robert***REMOVED***Bell,male,22
64,4You,Ann***REMOVED***Moore,female,41
65,4You,Christina***REMOVED***Law,none,51
66,4You,Lona***REMOVED***Paquette,none,52
67,4You,Melissa***REMOVED***Long,female,41
68,4You,Lori***REMOVED***Friedman,female,62
69,4You,Patty***REMOVED***Chestnut,none,22
70,4You,Charles***REMOVED***Lutz,male,57
71,4You,Walter***REMOVED***Hendrickson,none,49
72,4You,Pearlie***REMOVED***Truong,none,22
73,4You,Melissa***REMOVED***Emch,female,46
74,4You,Janet***REMOVED***Vaness,none,24
75,4You,Robert***REMOVED***Wilhite,male,65
76,4You,Dian***REMOVED***Houde,none,65
77,4You,Helen***REMOVED***Gorman,female,57
78,4You,Craig***REMOVED***Milstead,none,31
79,4You,Margaret***REMOVED***Bertholf,female,65
80,4You,Elissa***REMOVED***Hubbard,female,45
81,4You,Angela***REMOVED***Hill,female,21
82,4You,Matthew***REMOVED***Middendorf,male,60
83,4You,Fay***REMOVED***Hall,none,51
84,4You,Josephine***REMOVED***Miller,none,49
85,4You,Peter***REMOVED***Moon,male,39
86,4You,Audrey***REMOVED***Atwood,female,30
87,4You,Marie***REMOVED***Bowyer,female,30
88,4You,Gabriel***REMOVED***Davis,none,21
89,4You,Dixie***REMOVED***Perez,female,28
90,4You,Juan***REMOVED***Naone,none,39
91,4You,Christopher***REMOVED***Madden,male,21
92,4You,Donna***REMOVED***Day,female,43
93,4You,Nancy***REMOVED***Campbell,none,32
94,4You,Cora***REMOVED***Soron,none,47
95,4You,Randall***REMOVED***Wison,none,21
96,4You,Mary***REMOVED***Clarke,female,40
97,4You,Desmond***REMOVED***Claxton,none,47
98,4You,Marie***REMOVED***Ruiz,female,23
99,4You,Louis***REMOVED***Peck,none,41
100,4You,Carla***REMOVED***Puskar,female,36
101,4You,James***REMOVED***Banks,male,59
102,4You,Henry***REMOVED***Muhammad,male,43
103,4You,Judy***REMOVED***Church,female,39
104,4You,Stephen***REMOVED***Naylor,male,32
105,4You,Richard***REMOVED***Haugen,male,31
106,4You,Tisha***REMOVED***Eberly,none,27
107,4You,Lisa***REMOVED***Martin,female,46
108,4You,Becky***REMOVED***Gonzalez,female,58
109,4You,Maria***REMOVED***Averitt,female,24
110,4You,Frank***REMOVED***Leung,none,54
111,4You,Susan***REMOVED***Streets,female,63
112,4You,Michael***REMOVED***Benincase,male,53
113,4You,Richard***REMOVED***Bouton,none,38
114,4You,Wallace***REMOVED***Tenney,male,47
115,4You,Mark***REMOVED***Trogdon,none,48
116,4You,Shawn***REMOVED***Pennachio,male,59
117,4You,Maurice***REMOVED***Creasey,none,38
118,4You,Margaret***REMOVED***Renfroe,female,45
119,4You,Justin***REMOVED***Bedard,male,38
120,4You,Robert***REMOVED***Cuomo,none,41
121,4You,Kim***REMOVED***Frederick,male,54
122,4You,Shannon***REMOVED***Crosley,none,56
123,4You,Ralph***REMOVED***Alzugaray,male,60
124,4You,Rae***REMOVED***Austin,female,54
125,4You,Marshall***REMOVED***Knight,male,61
126,4You,Ernesto***REMOVED***Naron,none,47
127,4You,Juan***REMOVED***Jaremka,none,47
128,4You,Alexander***REMOVED***Carter,male,58
129,4You,Angela***REMOVED***Cooper,female,50
130,4You,Robin***REMOVED***Greek,female,65
131,4You,Terry***REMOVED***Conteras,female,25
132,4You,Mary***REMOVED***Dortch,none,48
133,4You,Ma***REMOVED***New,female,28
134,4You,Anthony***REMOVED***Mccaslin,male,54
135,4You,Jeanna***REMOVED***Davis,female,45
136,4You,Sabrina***REMOVED***Chance,female,53
137,4You,Brittany***REMOVED***Brahler,none,60
138,4You,Kathryn***REMOVED***Otsuka,female,27
139,4You,David***REMOVED***Huerta,none,31
140,4You,Lillian***REMOVED***Reyes,female,65
141,4You,Moises***REMOVED***Gilliard,none,39
142,4You,Richard***REMOVED***Espericueta,male,39
143,4You,Lisa***REMOVED***Fitch,female,37
144,4You,Samantha***REMOVED***Link,female,53
145,4You,Sandra***REMOVED***Cruson,female,30
146,4You,Ruben***REMOVED***Flores,male,65
147,4You,Noah***REMOVED***Pillar,none,55
148,4You,Marty***REMOVED***Ferguson,male,57
149,4You,Mary***REMOVED***Harkness,female,37
150,4You,Catherine***REMOVED***Michael,none,39
151,4You,Edward***REMOVED***Harris,none,40
152,4You,Elisa***REMOVED***Vizcarra,female,42
153,4You,Tona***REMOVED***Buri,female,65
154,4You,Rex***REMOVED***Velasquez,male,46
155,4You,Matthew***REMOVED***Sullivan,none,26
156,4You,Shannon***REMOVED***Buitron,female,53
157,4You,Sarah***REMOVED***Axelson,none,42
158,4You,Benjamin***REMOVED***Vanbuskirk,male,52
159,4You,Jack***REMOVED***Harris,male,26
160,4You,Juan***REMOVED***Stevenson,none,43
161,4You,Abraham***REMOVED***Smith,male,62
162,4You,Helen***REMOVED***Jordan,female,21
163,4You,Derek***REMOVED***Colburn,male,59
164,4You,Tyler***REMOVED***Butler,male,35
165,4You,Christine***REMOVED***Burlingham,none,62
166,4You,Bonnie***REMOVED***Romero,none,65
167,4You,Robert***REMOVED***Toney,male,65
168,4You,Lynn***REMOVED***Quirk,female,53
169,4You,William***REMOVED***Headley,none,55
170,4You,Charlotte***REMOVED***Adair,none,36
171,4You,Wade***REMOVED***Cobb,male,49
172,4You,Emery***REMOVED***Bradford,none,44
173,4You,Devin***REMOVED***Shaver,male,49
174,4You,Christopher***REMOVED***Brown,none,59
175,4You,Doris***REMOVED***Marsh,female,48
176,4You,Eva***REMOVED***Grant,female,32
177,4You,Brent***REMOVED***Jaynes,male,55
178,4You,Bobby***REMOVED***Rutledge,male,36
179,4You,Ellen***REMOVED***Brodowski,female,55
180,4You,William***REMOVED***Prahm,male,27
181,4You,Harry***REMOVED***Wong,none,23
182,4You,Donald***REMOVED***Anderson,male,29
183,4You,Dean***REMOVED***Lindberg,male,42
184,4You,Ronald***REMOVED***Giunta,male,60
185,4You,Robert***REMOVED***Sherman,male,54
186,4You,Doris***REMOVED***Quinones,female,56
187,4You,Merle***REMOVED***Gravatt,male,59
188,4You,Donald***REMOVED***Kingsley,male,24
189,4You,Nicholas***REMOVED***Goodman,male,31
190,4You,Jack***REMOVED***Neumann,none,60
191,4You,Adan***REMOVED***Duarte,none,35
192,4You,Jordan***REMOVED***Williams,male,41
193,4You,Jose***REMOVED***Carr,male,62
194,4You,William***REMOVED***Douthitt,male,37
195,4You,Richard***REMOVED***Juarez,male,39
196,4You,Ora***REMOVED***Nunez,female,59
197,4You,Roger***REMOVED***Chavers,male,23
198,4You,Kathryn***REMOVED***Fegley,none,41
199,4You,Charlotte***REMOVED***Kina,none,49
200,4You,Teresa***REMOVED***Banister,none,29
201,4You,Emerson***REMOVED***Martindale,male,41
202,4You,Christopher***REMOVED***Schroeder,male,34
203,4You,Gary***REMOVED***Lamb,male,46
204,4You,Eddie***REMOVED***House,none,30
205,4You,Kelley***REMOVED***Bradford,none,24
206,4You,Lisa***REMOVED***Mottillo,female,33
207,4You,Mary***REMOVED***Breton,female,33
208,4You,Gertrude***REMOVED***Fowler,female,37
209,4You,Elvin***REMOVED***Wilhoit,male,51
210,4You,Jerry***REMOVED***Vance,none,55
211,4You,Jessica***REMOVED***Shepard,female,57
212,4You,David***REMOVED***Donovan,male,34
213,4You,Paulette***REMOVED***Olney,female,44
214,4You,Bernice***REMOVED***Martinez,female,62
215,4You,James***REMOVED***Stokes,none,30
216,4You,Tina***REMOVED***Higgins,none,32
217,4You,Manuel***REMOVED***Hanson,none,53
218,4You,Marylee***REMOVED***Hall,female,60
219,4You,Delia***REMOVED***Romero,none,59
220,4You,Jennifer***REMOVED***Avalos,none,47
221,4You,Ruth***REMOVED***Nava,female,58
222,4You,Kimberly***REMOVED***Plumber,female,21
223,4You,Georgina***REMOVED***Trevino,female,36
224,4You,Lucille***REMOVED***Merkle,female,65
225,4You,Carol***REMOVED***Tinkham,none,35
226,4You,Jennifer***REMOVED***Ladner,female,29
227,4You,Sandra***REMOVED***Young,none,44
228,4You,Robert***REMOVED***George,male,29
229,4You,Aaron***REMOVED***Dunn,none,51
230,4You,Patricia***REMOVED***Pittman,female,35
231,4You,Ronnie***REMOVED***Stauffer,male,50
232,4You,Linda***REMOVED***Pelaez,female,29
233,4You,Anna***REMOVED***Broyles,female,63
234,4You,Antonia***REMOVED***Mcrae,female,45
235,4You,Bonnie***REMOVED***Martinez,female,49
236,4You,James***REMOVED***Brooks,none,46
237,4You,Sylvia***REMOVED***Etheridge,female,47
238,4You,Charles***REMOVED***Baker,male,38
239,4You,Julie***REMOVED***Berman,female,51
240,4You,Foster***REMOVED***King,none,33
241,4You,Sonia***REMOVED***Malaspina,female,63
242,4You,Ray***REMOVED***Johnson,male,56
243,4You,Jason***REMOVED***Griess,none,45
244,4You,Opal***REMOVED***Valles,female,45
245,4You,Jacqueline***REMOVED***Sabir,female,40
246,4You,Dorothy***REMOVED***Richardson,female,33
247,4You,Judy***REMOVED***Mcmann,none,25
248,4You,Monica***REMOVED***Chafin,female,49
249,4You,George***REMOVED***Sapp,male,26
250,4You,Jeff***REMOVED***Veno,male,38
251,4You,Tommy***REMOVED***Burns,male,25
252,4You,Justin***REMOVED***Lanosga,none,47
253,4You,Barbara***REMOVED***Knight,female,41
254,4You,Doris***REMOVED***Weaver,none,44
255,4You,Arthur***REMOVED***Hoag,male,31
256,4You,Reuben***REMOVED***Jones,none,51
257,4You,Carolyn***REMOVED***Miller,female,39
258,4You,Walter***REMOVED***Letchworth,male,35
259,4You,Helen***REMOVED***Walton,none,49
260,4You,Veronica***REMOVED***Rose,none,51
261,4You,Betty***REMOVED***Dietrick,none,50
262,4You,Ramon***REMOVED***Santistevan,male,33
263,4You,John***REMOVED***Lewis,none,34
264,4You,Prince***REMOVED***Webster,male,40
265,4You,Patricia***REMOVED***Ives,female,30
266,4You,Larry***REMOVED***Decker,male,45
267,4You,Patricia***REMOVED***Elwell,female,40
268,4You,Henry***REMOVED***Warren,none,47
269,4You,Sandra***REMOVED***Banks,none,49
270,4You,Dustin***REMOVED***Owens,male,51
271,4You,Scott***REMOVED***Schreyer,male,63
272,4You,Genevieve***REMOVED***May,female,56
273,4You,John***REMOVED***Evans,male,52
274,4You,Alejandro***REMOVED***Perry,male,61
275,4You,Allen***REMOVED***Strode,none,60
276,4You,Angela***REMOVED***Shelby,none,26
277,4You,Fred***REMOVED***Luescher,none,63
278,4You,Willie***REMOVED***Lopez,male,36
279,4You,Mildred***REMOVED***Jackson,female,49
280,4You,Stephen***REMOVED***Diaz,male,26
281,4You,Christopher***REMOVED***Shultz,none,29
282,4You,Shirley***REMOVED***Griffin,none,36
283,4You,Barbara***REMOVED***Faust,female,42
284,4You,Adam***REMOVED***Pittman,male,32
285,4You,Barbara***REMOVED***Gannaway,none,33
286,4You,Ellen***REMOVED***Hanks,female,43
287,4You,Bradley***REMOVED***Barone,none,39
288,4You,Bryan***REMOVED***Bowers,none,23
289,4You,Ethel***REMOVED***Duffy,female,34
290,4You,Kristina***REMOVED***Miller,none,43
291,4You,Larry***REMOVED***Dupree,male,36
292,4You,Theodore***REMOVED***Carter,none,36
293,4You,Jeffrey***REMOVED***Matthews,none,55
294,4You,Dawn***REMOVED***Harris,female,22
295,4You,Jenna***REMOVED***Center,female,60
296,4You,James***REMOVED***Fouche,none,28
297,4You,Lawrence***REMOVED***Deibert,none,49
298,4You,Gary***REMOVED***Schwab,male,29
299,4You,Robert***REMOVED***Herrera,none,28
300,4You,Misty***REMOVED***Garcia,none,25
301,4You,Tom***REMOVED***Salazar,none,58
302,4You,Anne***REMOVED***Brown,female,42
303,4You,Richard***REMOVED***Gomez,male,56
304,4You,James***REMOVED***Lord,male,32
305,4You,Sarah***REMOVED***Willis,female,50
306,4You,Darren***REMOVED***Bennett,none,43
307,4You,Robert***REMOVED***Legros,male,59
308,4You,Doris***REMOVED***Ramirez,female,27
309,4You,David***REMOVED***Robinson,male,33
310,4You,Judy***REMOVED***Atkins,none,32
311,4You,Sandra***REMOVED***Mitchell,none,30
312,4You,Ulysses***REMOVED***Barker,male,40
313,4You,Judith***REMOVED***Pierce,female,23
314,4You,Matthew***REMOVED***Johnson,male,50
315,4You,Alfred***REMOVED***Atkinson,none,61
316,4You,Charlotte***REMOVED***Johnson,female,64
317,4You,Adam***REMOVED***Groome,male,54
318,4You,Hazel***REMOVED***Grove,none,50
319,4You,Anthony***REMOVED***Jarrett,male,28
320,4You,Reginald***REMOVED***Doherty,male,33
321,4You,Jack***REMOVED***Perry,none,57
322,4You,Wallace***REMOVED***Gallardo,male,56
323,4You,Jean***REMOVED***Obrien,female,53
324,4You,Robert***REMOVED***Schlipp,none,48
325,4You,Christine***REMOVED***Lowery,none,24
326,4You,Marian***REMOVED***Dunn,female,63
327,4You,Vanessa***REMOVED***Nobles,female,32
328,4You,Tracy***REMOVED***Mccracken,female,53
329,4You,Amanda***REMOVED***Hanson,female,46
330,4You,Robert***REMOVED***Smith,none,57
331,4You,Edward***REMOVED***Grayson,male,41
332,4You,John***REMOVED***Garrison,none,38
333,4You,Heike***REMOVED***Wilson,none,30
334,4You,Mitchell***REMOVED***Goss,male,45
335,4You,Larry***REMOVED***Tapia,none,34
336,4You,Edith***REMOVED***Franco,female,22
337,4You,Hans***REMOVED***Bryan,none,37
338,4You,Randy***REMOVED***Sao,male,65
339,4You,Stephen***REMOVED***Midgett,male,33
340,4You,Anthony***REMOVED***Briney,none,25
341,4You,Catherine***REMOVED***Jenkins,none,31
342,4You,Tina***REMOVED***Tomasek,female,22
343,4You,Eric***REMOVED***Fuller,male,47
344,4You,Gary***REMOVED***Hanson,male,33
345,4You,Timothy***REMOVED***Perez,none,46
346,4You,Jeffrey***REMOVED***Forester,male,57
347,4You,Keith***REMOVED***Sherman,male,35
348,4You,Mathilde***REMOVED***Boone,female,52
349,4You,Isabel***REMOVED***Guthrie,female,36
350,4You,Sam***REMOVED***Abernathy,male,25
351,4You,Sara***REMOVED***Ferguson,none,32
352,4You,Alicia***REMOVED***Watts,female,36
353,4You,Ricky***REMOVED***Baker,male,57
354,4You,Andy***REMOVED***Skidmore,none,39
355,4You,Debra***REMOVED***Bailey,female,61
356,4You,Ralph***REMOVED***Colunga,none,33
357,4You,Kathryn***REMOVED***Childress,female,37
358,4You,Rickey***REMOVED***Orouke,male,46
359,4You,Virgil***REMOVED***Hauck,male,48
360,4You,William***REMOVED***Williams,male,49
361,4You,Curtis***REMOVED***Sexton,male,33
362,4You,Kyle***REMOVED***Young,male,59
363,4You,Abby***REMOVED***Small,female,25
364,4You,Kristina***REMOVED***Schuetz,female,48
365,4You,Eunice***REMOVED***Burns,female,24
366,4You,Claude***REMOVED***Johnston,none,65
367,4You,Deborah***REMOVED***Adams,none,28
368,4You,Mark***REMOVED***Nemec,male,25
369,4You,Bart***REMOVED***Haverstock,male,21
370,4You,Susan***REMOVED***Manzano,none,31
371,4You,Jenine***REMOVED***Hobson,none,65
372,4You,Dolores***REMOVED***Davis,none,32
373,4You,Jame***REMOVED***Carter,female,65
374,4You,Kristopher***REMOVED***Runyon,male,25
375,4You,Jerome***REMOVED***Sanchez,none,56
376,4You,Dale***REMOVED***Mazur,male,47
377,4You,Larry***REMOVED***Faron,male,24
378,4You,Sarah***REMOVED***Boock,none,30
379,4You,Anthony***REMOVED***Bethea,none,49
380,4You,Rachael***REMOVED***Moore,none,56
381,4You,Victor***REMOVED***Remington,male,52
382,4You,Arthur***REMOVED***Mckinnis,none,25
383,4You,Gabriel***REMOVED***Mantini,none,39
384,4You,Eulalia***REMOVED***White,female,45
385,4You,Jeffery***REMOVED***Gill,male,53
386,4You,Katlyn***REMOVED***Hsiao,female,44
387,4You,Dorothy***REMOVED***Barnes,none,21
388,4You,Virgie***REMOVED***Humphrys,female,23
389,4You,Mark***REMOVED***Eisentrout,none,43
390,4You,Ervin***REMOVED***Janke,none,55
391,4You,Philip***REMOVED***Robertson,male,49
392,4You,Cameron***REMOVED***Williams,male,27
393,4You,Kelly***REMOVED***Subido,female,23
394,4You,Tom***REMOVED***Floyd,none,48
395,4You,Caroline***REMOVED***Eaton,female,49
396,4You,Douglas***REMOVED***Shields,male,39
397,4You,Robert***REMOVED***Clark,male,28
398,4You,Christine***REMOVED***Spillane,female,29
399,4You,Shirley***REMOVED***Blacklock,female,36
400,4You,Cathy***REMOVED***Childs,female,52
401,4You,Dave***REMOVED***Morton,none,47
402,4You,Philip***REMOVED***Rose,male,48
403,4You,Oliver***REMOVED***Williams,none,49
404,4You,Ana***REMOVED***Hudson,none,23
405,4You,Linda***REMOVED***Thompson,none,53
406,4You,William***REMOVED***Jemmott,male,21
407,4You,Fernande***REMOVED***Conover,female,25
408,4You,Richard***REMOVED***Anaya,none,59
409,4You,Frank***REMOVED***Strawn,none,32
410,4You,Marilyn***REMOVED***Wix,none,39
411,4You,Debbie***REMOVED***Green,female,24
412,4You,Teresa***REMOVED***Sanchez,none,21
413,4You,Clifford***REMOVED***Fagen,male,63
414,4You,Tonya***REMOVED***Rivera,none,62
415,4You,Barbara***REMOVED***Oliver,none,61
416,4You,Mary***REMOVED***Rivera,female,37
417,4You,Dana***REMOVED***King,none,35
418,4You,Frank***REMOVED***Street,none,61
419,4You,Tanya***REMOVED***Donahue,none,36
420,4You,April***REMOVED***Williams,female,46
421,4You,Brenda***REMOVED***Alvarado,none,45
422,4You,Mary***REMOVED***Ewers,none,29
423,4You,Sandra***REMOVED***Sawin,female,21
424,4You,Diana***REMOVED***Mcelrath,female,59
425,4You,Dorothy***REMOVED***Martin,female,61
426,4You,Amy***REMOVED***Kun,none,65
427,4You,Margaret***REMOVED***Morley,female,63
428,4You,Marion***REMOVED***Smith,none,42
429,4You,Brian***REMOVED***Zimmermann,male,44
430,4You,Sharyl***REMOVED***Simmons,female,36
431,4You,Matilda***REMOVED***Wright,none,44
432,4You,Linda***REMOVED***Speight,female,52
433,4You,Bradley***REMOVED***Johnson,none,57
434,4You,Johnny***REMOVED***Odom,male,29
435,4You,Eric***REMOVED***Barakat,male,57
436,4You,Linda***REMOVED***Ellis,none,53
437,4You,Diane***REMOVED***Huff,none,60
438,4You,Michael***REMOVED***Stroik,male,44
439,4You,Cynthia***REMOVED***Hall,none,21
440,4You,Donald***REMOVED***Stallworth,none,46
441,4You,Robert***REMOVED***Coronado,male,32
442,4You,Renee***REMOVED***Brock,female,24
443,4You,Alberto***REMOVED***Hamner,male,24
444,4You,Jodi***REMOVED***Norton,none,37
445,4You,Laura***REMOVED***Burns,female,23
446,4You,Henry***REMOVED***Burkhard,male,46
447,4You,Adam***REMOVED***Hawkins,none,43
448,4You,Marion***REMOVED***Casey,female,28
449,4You,Valerie***REMOVED***Gonzalez,female,61
450,4You,Monica***REMOVED***Briggs,none,42
451,4You,Derick***REMOVED***Krausz,male,46
452,4You,Maynard***REMOVED***Murray,none,33
453,Monsters***REMOVED***CYA,Christopher***REMOVED***Norman,none,29
454,Monsters***REMOVED***CYA,James***REMOVED***Cox,none,52
455,Monsters***REMOVED***CYA,Dana***REMOVED***Looney,female,56
456,Monsters***REMOVED***CYA,Gertrude***REMOVED***Rice,female,36
457,Monsters***REMOVED***CYA,Leonel***REMOVED***Richardson,male,49
458,Monsters***REMOVED***CYA,Donald***REMOVED***Jansen,male,22
459,Monsters***REMOVED***CYA,Joseph***REMOVED***Silva,male,50
460,Monsters***REMOVED***CYA,William***REMOVED***Washington,male,63
461,Monsters***REMOVED***CYA,Ma***REMOVED***Hall,female,63
462,Monsters***REMOVED***CYA,David***REMOVED***Leone,male,43
463,Monsters***REMOVED***CYA,Robert***REMOVED***White,none,22
464,Monsters***REMOVED***CYA,Zachary***REMOVED***Richardson,male,60
465,Monsters***REMOVED***CYA,Judith***REMOVED***Brown,none,34
466,Monsters***REMOVED***CYA,Walter***REMOVED***Ortiz,male,52
467,Monsters***REMOVED***CYA,Justin***REMOVED***Emmons,male,31
468,Monsters***REMOVED***CYA,Robert***REMOVED***Terrell,male,47
469,Monsters***REMOVED***CYA,Dennis***REMOVED***Phillips,none,41
470,Monsters***REMOVED***CYA,Ima***REMOVED***Borne,female,23
471,Monsters***REMOVED***CYA,Norma***REMOVED***Brady,female,26
472,Monsters***REMOVED***CYA,Helen***REMOVED***Heavilin,female,28
473,Monsters***REMOVED***CYA,Anita***REMOVED***Smothers,female,48
474,Monsters***REMOVED***CYA,Dorothy***REMOVED***Sample,female,48
475,Monsters***REMOVED***CYA,Cindy***REMOVED***Sullivan,female,44
476,Monsters***REMOVED***CYA,Major***REMOVED***Girard,male,31
477,Monsters***REMOVED***CYA,Kevin***REMOVED***Boyd,none,46
478,Monsters***REMOVED***CYA,Jerry***REMOVED***Pickle,none,62
479,Monsters***REMOVED***CYA,Earl***REMOVED***Traina,none,42
480,Monsters***REMOVED***CYA,Donna***REMOVED***Koonce,female,32
481,Monsters***REMOVED***CYA,Lyman***REMOVED***Huizar,none,62
482,Monsters***REMOVED***CYA,William***REMOVED***Northey,male,31
483,Monsters***REMOVED***CYA,Henry***REMOVED***Browne,none,58
484,Monsters***REMOVED***CYA,Julie***REMOVED***Bourgeois,female,44
485,Monsters***REMOVED***CYA,Angelina***REMOVED***Lane,none,29
486,Monsters***REMOVED***CYA,Katelyn***REMOVED***Ogorman,none,46
487,Monsters***REMOVED***CYA,Nancy***REMOVED***Doggett,none,40
488,Monsters***REMOVED***CYA,Sonja***REMOVED***Bell,female,56
489,Monsters***REMOVED***CYA,James***REMOVED***Wareham,none,57
490,Monsters***REMOVED***CYA,Frank***REMOVED***Lopez,none,39
491,Monsters***REMOVED***CYA,Lazaro***REMOVED***Jordan,male,65
492,Monsters***REMOVED***CYA,Scott***REMOVED***Chavez,male,36
493,Monsters***REMOVED***CYA,Artie***REMOVED***Ladner,female,48
494,Monsters***REMOVED***CYA,Steven***REMOVED***Colon,male,31
495,Monsters***REMOVED***CYA,Robert***REMOVED***Carpenter,male,44
496,Monsters***REMOVED***CYA,Charlotte***REMOVED***Johnson,none,51
497,Monsters***REMOVED***CYA,Christopher***REMOVED***Cooper,male,60
498,Monsters***REMOVED***CYA,Melvin***REMOVED***Wineland,male,64
499,Monsters***REMOVED***CYA,Andrew***REMOVED***Sperdute,male,62
500,Monsters***REMOVED***CYA,Edward***REMOVED***Zahner,male,42
501,Monsters***REMOVED***CYA,Amy***REMOVED***Ruff,female,21
502,Monsters***REMOVED***CYA,Jason***REMOVED***Bottone,none,55
503,Monsters***REMOVED***CYA,Mark***REMOVED***Smith,male,30
504,Monsters***REMOVED***CYA,Rafael***REMOVED***Wood,none,61
505,Monsters***REMOVED***CYA,Arthur***REMOVED***Acevedo,male,24
506,Monsters***REMOVED***CYA,David***REMOVED***Grady,male,61
507,Monsters***REMOVED***CYA,Thomas***REMOVED***Coleman,male,57
508,Monsters***REMOVED***CYA,Gwen***REMOVED***Payne,female,64
509,Monsters***REMOVED***CYA,Brian***REMOVED***Thompson,none,21
510,Monsters***REMOVED***CYA,Traci***REMOVED***Shelton,none,41
511,Monsters***REMOVED***CYA,Wilma***REMOVED***Prescott,female,32
512,Monsters***REMOVED***CYA,Juanita***REMOVED***Baker,female,52
513,Monsters***REMOVED***CYA,Kia***REMOVED***Rodriguez,female,64
514,Monsters***REMOVED***CYA,Myesha***REMOVED***Taranto,female,41
515,Monsters***REMOVED***CYA,Anna***REMOVED***Edgar,none,24
516,Monsters***REMOVED***CYA,Julie***REMOVED***Hamson,female,47
517,Monsters***REMOVED***CYA,Linda***REMOVED***Gordan,none,30
518,Monsters***REMOVED***CYA,James***REMOVED***White,male,25
519,Monsters***REMOVED***CYA,Alan***REMOVED***Ferebee,male,32
520,Monsters***REMOVED***CYA,Bobby***REMOVED***Alex,male,30
521,Monsters***REMOVED***CYA,Alicia***REMOVED***Cedar,female,29
522,Monsters***REMOVED***CYA,Wilfred***REMOVED***Briggs,male,55
523,Monsters***REMOVED***CYA,Timmy***REMOVED***Lemons,none,34
524,Monsters***REMOVED***CYA,Linda***REMOVED***Parks,female,50
525,Monsters***REMOVED***CYA,Cynthia***REMOVED***Luzar,none,32
526,Monsters***REMOVED***CYA,Joy***REMOVED***Sibley,none,62
527,Monsters***REMOVED***CYA,Elma***REMOVED***Gonzales,female,40
528,Monsters***REMOVED***CYA,Frances***REMOVED***Kendall,female,34
529,Monsters***REMOVED***CYA,Gary***REMOVED***Pietrafesa,male,34
530,Monsters***REMOVED***CYA,Tanya***REMOVED***Mcmillan,none,32
531,Monsters***REMOVED***CYA,Tammy***REMOVED***Lechuga,none,51
532,Monsters***REMOVED***CYA,Florence***REMOVED***Wilson,female,42
533,Monsters***REMOVED***CYA,Nicholas***REMOVED***Fast,none,55
534,Monsters***REMOVED***CYA,James***REMOVED***Perez,male,21
535,Monsters***REMOVED***CYA,Joann***REMOVED***Mccrossen,female,28
536,Monsters***REMOVED***CYA,Alice***REMOVED***Mora,none,38
537,Monsters***REMOVED***CYA,Robert***REMOVED***Villalvazo,none,35
538,Monsters***REMOVED***CYA,Marlene***REMOVED***Worrell,female,55
539,Monsters***REMOVED***CYA,Horace***REMOVED***Skillman,none,64
540,Monsters***REMOVED***CYA,Yvonne***REMOVED***Ridgeway,none,30
541,Monsters***REMOVED***CYA,Carolyn***REMOVED***Watt,none,52
542,Monsters***REMOVED***CYA,Dorothy***REMOVED***Carter,none,64
543,Monsters***REMOVED***CYA,Bianca***REMOVED***Fitz,female,51
544,Monsters***REMOVED***CYA,John***REMOVED***Micciche,none,64
545,Monsters***REMOVED***CYA,Kenneth***REMOVED***Jump,male,46
546,Monsters***REMOVED***CYA,Abdul***REMOVED***Vogus,male,46
547,Monsters***REMOVED***CYA,Paul***REMOVED***Torres,none,60
548,Monsters***REMOVED***CYA,Frances***REMOVED***Vidal,female,29
549,Monsters***REMOVED***CYA,Margaret***REMOVED***Orellana,female,24
550,Monsters***REMOVED***CYA,Luz***REMOVED***Gilliland,none,22
551,Monsters***REMOVED***CYA,Juanita***REMOVED***Carter,none,52
552,Monsters***REMOVED***CYA,Kevin***REMOVED***Paul,none,45
553,Monsters***REMOVED***CYA,Diego***REMOVED***Boday,male,50
554,Monsters***REMOVED***CYA,Georgia***REMOVED***King,female,27
555,Monsters***REMOVED***CYA,Yolanda***REMOVED***Edwards,female,34
556,Monsters***REMOVED***CYA,Jonathan***REMOVED***Dickens,male,48
557,Monsters***REMOVED***CYA,Phillip***REMOVED***King,none,39
558,Monsters***REMOVED***CYA,Peter***REMOVED***Palmer,none,54
559,Monsters***REMOVED***CYA,Betty***REMOVED***Ollie,female,64
560,Monsters***REMOVED***CYA,Pedro***REMOVED***Lewis,male,32
561,Monsters***REMOVED***CYA,Minnie***REMOVED***Lesane,female,30
562,Monsters***REMOVED***CYA,Clifford***REMOVED***Forrest,none,54
563,Monsters***REMOVED***CYA,Ashley***REMOVED***Hernandez,none,61
564,Monsters***REMOVED***CYA,Eugene***REMOVED***Tiemann,none,41
565,Monsters***REMOVED***CYA,Emma***REMOVED***Ashbrook,none,53
566,Monsters***REMOVED***CYA,Elma***REMOVED***Depaz,female,29
567,Monsters***REMOVED***CYA,Darlene***REMOVED***Blosser,female,53
568,Monsters***REMOVED***CYA,Lazaro***REMOVED***Mendoza,none,41
569,Monsters***REMOVED***CYA,Timothy***REMOVED***Grady,male,28
570,Monsters***REMOVED***CYA,Cathy***REMOVED***Hinds,none,34
571,Monsters***REMOVED***CYA,Nathan***REMOVED***Ponder,male,43
572,Monsters***REMOVED***CYA,Robert***REMOVED***Carrell,male,64
573,Monsters***REMOVED***CYA,Andrew***REMOVED***Anderson,none,33
574,Monsters***REMOVED***CYA,Della***REMOVED***Gomez,none,52
575,Monsters***REMOVED***CYA,Lucy***REMOVED***Pagel,female,42
576,Monsters***REMOVED***CYA,Chad***REMOVED***Langevin,male,22
577,Monsters***REMOVED***CYA,Paul***REMOVED***Emery,none,63
578,Monsters***REMOVED***CYA,Naomi***REMOVED***Bartz,female,22
579,Monsters***REMOVED***CYA,Ruby***REMOVED***Lewis,female,31
580,Monsters***REMOVED***CYA,Javier***REMOVED***Anthony,male,24
581,Monsters***REMOVED***CYA,Jennie***REMOVED***Klein,female,35
582,Monsters***REMOVED***CYA,Irene***REMOVED***Land,female,62
583,Monsters***REMOVED***CYA,Edmund***REMOVED***Graham,none,63
584,Monsters***REMOVED***CYA,Michael***REMOVED***Jenkins,male,37
585,Monsters***REMOVED***CYA,Clara***REMOVED***Taylor,female,63
586,Monsters***REMOVED***CYA,Gregory***REMOVED***Thiboutot,male,39
587,Monsters***REMOVED***CYA,David***REMOVED***Edelson,male,34
588,Monsters***REMOVED***CYA,Mary***REMOVED***Parnell,none,53
589,Monsters***REMOVED***CYA,Sherry***REMOVED***Daigle,none,46
590,Monsters***REMOVED***CYA,Jennifer***REMOVED***Cargo,female,22
591,Monsters***REMOVED***CYA,Veronica***REMOVED***Salgado,female,65
592,Monsters***REMOVED***CYA,Charles***REMOVED***Horsley,none,38
593,Monsters***REMOVED***CYA,Matthew***REMOVED***Kellogg,male,38
594,Monsters***REMOVED***CYA,Jason***REMOVED***Woods,male,30
595,Monsters***REMOVED***CYA,Maureen***REMOVED***Burns,female,34
596,Monsters***REMOVED***CYA,Dolores***REMOVED***Huffman,female,55
597,Monsters***REMOVED***CYA,Raymond***REMOVED***Varner,male,36
598,Monsters***REMOVED***CYA,Amy***REMOVED***Baumann,female,57
599,Monsters***REMOVED***CYA,Leroy***REMOVED***Harris,male,47
600,Monsters***REMOVED***CYA,Laurie***REMOVED***Hubbard,none,38
601,Monsters***REMOVED***CYA,Seth***REMOVED***Mcclellan,male,32
602,Monsters***REMOVED***CYA,Renita***REMOVED***Smith,female,50
603,Monsters***REMOVED***CYA,Marlene***REMOVED***Shumpert,none,42
604,Monsters***REMOVED***CYA,Tiffany***REMOVED***Thomas,none,53
605,Monsters***REMOVED***CYA,Robert***REMOVED***Santos,male,36
606,Monsters***REMOVED***CYA,David***REMOVED***Evans,male,54
607,Monsters***REMOVED***CYA,Laurie***REMOVED***Fine,female,65
608,Monsters***REMOVED***CYA,Thelma***REMOVED***Dillinger,none,61
609,Monsters***REMOVED***CYA,Kerri***REMOVED***Jones,female,57
610,Monsters***REMOVED***CYA,Rena***REMOVED***Roberts,none,29
611,Monsters***REMOVED***CYA,Heather***REMOVED***Chambers,female,47
612,Monsters***REMOVED***CYA,Myra***REMOVED***Rivera,female,57
613,Monsters***REMOVED***CYA,Isiah***REMOVED***Enriquez,male,53
614,Monsters***REMOVED***CYA,Anna***REMOVED***Zurita,female,41
615,Monsters***REMOVED***CYA,Stanley***REMOVED***Norris,male,64
616,Monsters***REMOVED***CYA,Jessica***REMOVED***Kinsey,female,40
617,Monsters***REMOVED***CYA,William***REMOVED***Miller,male,57
618,Monsters***REMOVED***CYA,Juanita***REMOVED***Deno,female,58
619,Monsters***REMOVED***CYA,Clifton***REMOVED***Parsons,male,45
620,Monsters***REMOVED***CYA,Elizabeth***REMOVED***Cohen,none,25
621,Monsters***REMOVED***CYA,Kenneth***REMOVED***Vue,male,55
622,Monsters***REMOVED***CYA,Daniel***REMOVED***Bollman,male,38
623,Monsters***REMOVED***CYA,Sumiko***REMOVED***Boone,none,61
624,Monsters***REMOVED***CYA,Tracy***REMOVED***Brown,female,44
625,Monsters***REMOVED***CYA,Elizabeth***REMOVED***Srinvasan,female,61
626,Monsters***REMOVED***CYA,Lora***REMOVED***Jarman,female,22
627,Monsters***REMOVED***CYA,Michael***REMOVED***Sigmon,male,47
628,Monsters***REMOVED***CYA,Anthony***REMOVED***Watson,male,53
629,Monsters***REMOVED***CYA,William***REMOVED***Robinson,none,26
630,Monsters***REMOVED***CYA,Mary***REMOVED***Depalma,female,47
631,Monsters***REMOVED***CYA,Zachary***REMOVED***Steward,none,43
632,Monsters***REMOVED***CYA,Celina***REMOVED***Fish,none,59
633,Monsters***REMOVED***CYA,Lori***REMOVED***Mcknight,female,44
634,Monsters***REMOVED***CYA,Frank***REMOVED***Papa,male,33
635,Monsters***REMOVED***CYA,Kimberly***REMOVED***Barclay,female,48
636,Monsters***REMOVED***CYA,Joe***REMOVED***Kelly,none,44
637,Monsters***REMOVED***CYA,Robert***REMOVED***Pratt,male,28
638,Monsters***REMOVED***CYA,Margo***REMOVED***Sullivan,none,63
639,Monsters***REMOVED***CYA,Edna***REMOVED***Boyette,female,43
640,Monsters***REMOVED***CYA,Thomas***REMOVED***Lockman,none,26
641,Monsters***REMOVED***CYA,Ashley***REMOVED***Servais,female,26
642,Monsters***REMOVED***CYA,Gary***REMOVED***Kearney,male,55
643,Monsters***REMOVED***CYA,David***REMOVED***Lucas,male,50
644,Monsters***REMOVED***CYA,Rita***REMOVED***Field,female,49
645,Monsters***REMOVED***CYA,Michele***REMOVED***Alton,none,64
646,Monsters***REMOVED***CYA,Andra***REMOVED***Parker,none,33
647,Monsters***REMOVED***CYA,Edna***REMOVED***Ortiz,none,26
648,Wonka***REMOVED***Company,Ethel***REMOVED***Dalton,female,31
649,Wonka***REMOVED***Company,Christina***REMOVED***Pedersen,none,35
650,Wonka***REMOVED***Company,Barbara***REMOVED***Evers,none,64
651,Wonka***REMOVED***Company,Brett***REMOVED***Ahart,male,34
652,Wonka***REMOVED***Company,Alice***REMOVED***Berger,none,26
653,Wonka***REMOVED***Company,Gina***REMOVED***Dieteman,none,21
654,Wonka***REMOVED***Company,Andrew***REMOVED***Ramos,none,59
655,Wonka***REMOVED***Company,Aaron***REMOVED***Feliciano,male,60
656,Wonka***REMOVED***Company,Kenneth***REMOVED***Quick,male,33
657,Wonka***REMOVED***Company,Leta***REMOVED***Garber,female,45
658,Wonka***REMOVED***Company,Bryce***REMOVED***Gearing,male,22
659,Wonka***REMOVED***Company,Juan***REMOVED***Kloke,male,57
660,Wonka***REMOVED***Company,Harlan***REMOVED***Hudson,none,28
661,Wonka***REMOVED***Company,David***REMOVED***Michl,male,30
662,Wonka***REMOVED***Company,Everett***REMOVED***Schlesener,male,57
663,Wonka***REMOVED***Company,Michelle***REMOVED***Richey,female,49
664,Wonka***REMOVED***Company,Janet***REMOVED***Romero,female,28
665,Wonka***REMOVED***Company,Marvin***REMOVED***Archer,none,61
666,Wonka***REMOVED***Company,Ronald***REMOVED***Barrett,male,22
667,Wonka***REMOVED***Company,Clayton***REMOVED***Cline,male,39
668,Wonka***REMOVED***Company,Carmen***REMOVED***Politi,none,48
669,Wonka***REMOVED***Company,Shari***REMOVED***Reynolds,female,54
670,Wonka***REMOVED***Company,Patrick***REMOVED***Obrien,none,32
671,Wonka***REMOVED***Company,Pedro***REMOVED***Woodbury,male,65
672,Wonka***REMOVED***Company,Patricia***REMOVED***Mcdonald,female,45
673,Wonka***REMOVED***Company,Jennifer***REMOVED***Robles,none,41
674,Wonka***REMOVED***Company,Jacqueline***REMOVED***Thornton,none,64
675,Wonka***REMOVED***Company,Carol***REMOVED***Cobb,female,39
676,Wonka***REMOVED***Company,Mary***REMOVED***Burkett,female,22
677,Wonka***REMOVED***Company,Bernard***REMOVED***Park,male,48
678,Wonka***REMOVED***Company,Ted***REMOVED***Gowins,none,32
679,Wonka***REMOVED***Company,Tim***REMOVED***Ransom,male,47
680,Wonka***REMOVED***Company,Bret***REMOVED***Dowell,none,52
681,Wonka***REMOVED***Company,Myrtle***REMOVED***Churchill,female,51
682,Wonka***REMOVED***Company,Margaret***REMOVED***Stewart,none,56
683,Wonka***REMOVED***Company,Loma***REMOVED***Walker,female,25
684,Wonka***REMOVED***Company,Robert***REMOVED***Mitchell,male,49
685,Wonka***REMOVED***Company,Michael***REMOVED***Shields,male,33
686,Wonka***REMOVED***Company,Joyce***REMOVED***Seifert,female,56
687,Wonka***REMOVED***Company,Lora***REMOVED***Perez,female,23
688,Wonka***REMOVED***Company,John***REMOVED***Orr,male,27
689,Wonka***REMOVED***Company,William***REMOVED***Caravella,none,50
690,Wonka***REMOVED***Company,William***REMOVED***Glancy,male,64
691,Wonka***REMOVED***Company,Rhonda***REMOVED***Hauck,female,25
692,Wonka***REMOVED***Company,Mike***REMOVED***Grimmett,male,50
693,Wonka***REMOVED***Company,Pauline***REMOVED***Huff,female,59
694,Wonka***REMOVED***Company,Jolene***REMOVED***Ser,none,22
695,Wonka***REMOVED***Company,Clement***REMOVED***Johnson,male,59
696,Wonka***REMOVED***Company,Michael***REMOVED***Nutt,male,21
697,Wonka***REMOVED***Company,Donald***REMOVED***Clairmont,male,62
698,Wonka***REMOVED***Company,Susan***REMOVED***Anderson,female,51
699,Wonka***REMOVED***Company,Kevin***REMOVED***Lamb,male,43
700,Wonka***REMOVED***Company,John***REMOVED***Mcvey,male,28
701,Wonka***REMOVED***Company,Evelyn***REMOVED***Murawski,female,41
702,Wonka***REMOVED***Company,Joseph***REMOVED***Clymer,male,38
703,Wonka***REMOVED***Company,Lori***REMOVED***Kelly,none,26
704,Wonka***REMOVED***Company,Kevin***REMOVED***Chiang,male,52
705,Wonka***REMOVED***Company,Shirley***REMOVED***Smith,female,32
706,Wonka***REMOVED***Company,Portia***REMOVED***Applebaum,none,64
707,Wonka***REMOVED***Company,Arthur***REMOVED***Hendrix,male,37
708,Wonka***REMOVED***Company,Gary***REMOVED***Heard,male,53
709,Wonka***REMOVED***Company,Rosemarie***REMOVED***Bryan,none,52
710,Wonka***REMOVED***Company,Cynthia***REMOVED***Mekee,female,31
711,Wonka***REMOVED***Company,Esther***REMOVED***Odonnell,female,32
712,Wonka***REMOVED***Company,Kristin***REMOVED***Davis,female,45
713,Wonka***REMOVED***Company,Harvey***REMOVED***Craig,male,42
714,Wonka***REMOVED***Company,Amanda***REMOVED***Linsky,none,40
715,Wonka***REMOVED***Company,Martha***REMOVED***Smith,female,27
716,Wonka***REMOVED***Company,Charles***REMOVED***Mullins,male,46
717,Wonka***REMOVED***Company,Mary***REMOVED***Kelly,female,41
718,Wonka***REMOVED***Company,Brooke***REMOVED***Gilbert,female,57
719,Wonka***REMOVED***Company,Cory***REMOVED***Ruiz,male,64
720,Wonka***REMOVED***Company,Tina***REMOVED***Heath,none,29
721,Wonka***REMOVED***Company,Gregory***REMOVED***Huntington,male,41
722,Wonka***REMOVED***Company,Joan***REMOVED***Bottoni,none,34
723,Wonka***REMOVED***Company,Charles***REMOVED***Morgan,male,34
724,Wonka***REMOVED***Company,Elizabeth***REMOVED***Gastelum,female,34
725,Wonka***REMOVED***Company,David***REMOVED***Wright,none,21
726,Wonka***REMOVED***Company,David***REMOVED***Bowers,male,34
727,Wonka***REMOVED***Company,Jeffrey***REMOVED***Collazo,male,25
728,Wonka***REMOVED***Company,Rebecca***REMOVED***Kim,none,40
729,Wonka***REMOVED***Company,Hattie***REMOVED***Martin,female,55
730,Wonka***REMOVED***Company,Lori***REMOVED***Gonzalez,female,32
731,Wonka***REMOVED***Company,Linda***REMOVED***Goodson,female,51
732,Wonka***REMOVED***Company,Vickie***REMOVED***Nave,female,42
733,Wonka***REMOVED***Company,Jesus***REMOVED***Victor,none,30
734,Wonka***REMOVED***Company,Ronald***REMOVED***Pierson,male,34
735,Wonka***REMOVED***Company,William***REMOVED***Mckay,male,36
736,Wonka***REMOVED***Company,Shawn***REMOVED***Hacker,female,57
737,Wonka***REMOVED***Company,Paula***REMOVED***Fleming,none,32
738,Wonka***REMOVED***Company,Luciano***REMOVED***Harris,male,58
739,Wonka***REMOVED***Company,Adrianne***REMOVED***Pierre,female,53
740,Wonka***REMOVED***Company,Milton***REMOVED***Stanley,male,50
741,Wonka***REMOVED***Company,Brian***REMOVED***Trujillo,none,65
742,Wonka***REMOVED***Company,Anna***REMOVED***Willis,female,22
743,Wonka***REMOVED***Company,Mckenzie***REMOVED***Dougherty,female,60
744,Wonka***REMOVED***Company,Carmen***REMOVED***Delisi,male,26
745,Wonka***REMOVED***Company,Elizabeth***REMOVED***Hewitt,female,53
746,Wonka***REMOVED***Company,Maurice***REMOVED***Miles,none,34
747,Wonka***REMOVED***Company,Ruth***REMOVED***Bennett,female,51
748,Wonka***REMOVED***Company,Bradley***REMOVED***Rhodes,male,47
749,Wonka***REMOVED***Company,Ernest***REMOVED***Reyes,male,55
750,Wonka***REMOVED***Company,Kathleen***REMOVED***Tsang,female,41
751,Wonka***REMOVED***Company,Nancy***REMOVED***Moradian,none,55
752,Wonka***REMOVED***Company,James***REMOVED***Pizarro,male,64
753,Wonka***REMOVED***Company,Eric***REMOVED***Capps,male,51
754,Wonka***REMOVED***Company,Barry***REMOVED***Smithers,male,49
755,Wonka***REMOVED***Company,Kelly***REMOVED***Lafave,none,58
756,Wonka***REMOVED***Company,Connie***REMOVED***Stokes,female,27
757,Wonka***REMOVED***Company,Muriel***REMOVED***Booth,female,38
758,Wonka***REMOVED***Company,William***REMOVED***Garcia,male,64
759,Wonka***REMOVED***Company,Robert***REMOVED***Schrader,male,27
760,Wonka***REMOVED***Company,Andrew***REMOVED***Stoddard,male,44
761,Wonka***REMOVED***Company,Ralph***REMOVED***Paquin,male,31
762,Wonka***REMOVED***Company,Viola***REMOVED***Munoz,female,35
763,Wonka***REMOVED***Company,Kenneth***REMOVED***Farnsworth,none,33
764,Wonka***REMOVED***Company,Jacqueline***REMOVED***Pratt,none,54
765,Wonka***REMOVED***Company,Nancy***REMOVED***Fanno,female,40
766,Wonka***REMOVED***Company,Anthony***REMOVED***Young,male,30
767,Wonka***REMOVED***Company,Keely***REMOVED***Rice,female,25
768,Wonka***REMOVED***Company,Antonio***REMOVED***Sanchez,none,64
769,Wonka***REMOVED***Company,Susan***REMOVED***Lacy,female,50
770,Wonka***REMOVED***Company,Bobbie***REMOVED***Murray,female,51
771,Wonka***REMOVED***Company,Leslie***REMOVED***Viviani,none,53
772,Wonka***REMOVED***Company,Tracy***REMOVED***Anderson,none,41
773,Wonka***REMOVED***Company,Edna***REMOVED***Clyne,female,56
774,Wonka***REMOVED***Company,Micheal***REMOVED***Blakely,male,43
775,Wonka***REMOVED***Company,Frances***REMOVED***Bass,female,27
776,Wonka***REMOVED***Company,Sharon***REMOVED***Fontenot,female,48
777,Wonka***REMOVED***Company,Peter***REMOVED***Arias,none,42
778,Wonka***REMOVED***Company,Angela***REMOVED***Davis,none,42
779,Wonka***REMOVED***Company,Matthew***REMOVED***Freeman,none,45
780,Wonka***REMOVED***Company,Ashley***REMOVED***Moon,female,40
781,Wonka***REMOVED***Company,James***REMOVED***Sanchez,male,30
782,Wonka***REMOVED***Company,Carolyn***REMOVED***Nielsen,none,63
783,Wonka***REMOVED***Company,Kelly***REMOVED***Ross,none,44
784,Wonka***REMOVED***Company,William***REMOVED***Biffle,none,40
785,Wonka***REMOVED***Company,James***REMOVED***Wells,male,24
786,Wonka***REMOVED***Company,Krista***REMOVED***Vandyke,female,29
787,Wonka***REMOVED***Company,Jessie***REMOVED***Tu,female,43
788,Wonka***REMOVED***Company,David***REMOVED***Young,none,47
789,Wonka***REMOVED***Company,Katharine***REMOVED***Perry,female,54
790,Wonka***REMOVED***Company,Leopoldo***REMOVED***Ensign,none,52
791,Wonka***REMOVED***Company,Donald***REMOVED***Hysmith,male,50
792,Wonka***REMOVED***Company,Brent***REMOVED***Williams,male,44
793,Wonka***REMOVED***Company,Regina***REMOVED***Garza,female,29
794,Wonka***REMOVED***Company,Beatrice***REMOVED***Curtis,female,31
795,Wonka***REMOVED***Company,Eric***REMOVED***Ison,male,52
796,Wonka***REMOVED***Company,Nereida***REMOVED***Legrand,none,63
797,Wonka***REMOVED***Company,Andre***REMOVED***Harris,male,22
798,Wonka***REMOVED***Company,John***REMOVED***Byrne,male,64
799,Wonka***REMOVED***Company,Edwina***REMOVED***Zamora,female,56
800,Wonka***REMOVED***Company,Linda***REMOVED***Hixon,female,42
801,Wonka***REMOVED***Company,Ronald***REMOVED***Foley,male,63
802,Wonka***REMOVED***Company,Amanda***REMOVED***Mcinnis,none,63
803,Wonka***REMOVED***Company,Charlotte***REMOVED***Foster,female,40
804,Wonka***REMOVED***Company,Jarrod***REMOVED***Woodard,none,35
805,Wonka***REMOVED***Company,Chadwick***REMOVED***Goodwin,none,28
806,Wonka***REMOVED***Company,Amy***REMOVED***Coppage,female,52
807,Wonka***REMOVED***Company,John***REMOVED***Isaksen,male,23
808,Wonka***REMOVED***Company,Judy***REMOVED***Williams,female,27
809,Wonka***REMOVED***Company,Davina***REMOVED***Tyler,female,22
810,Wonka***REMOVED***Company,Louise***REMOVED***Hoffman,female,58
811,Wonka***REMOVED***Company,Therese***REMOVED***Behne,female,59
812,Wonka***REMOVED***Company,Allan***REMOVED***Mclaughlin,male,46
813,Wonka***REMOVED***Company,Shani***REMOVED***Stutz,female,64
814,Wonka***REMOVED***Company,Martha***REMOVED***Powell,female,46
815,Wonka***REMOVED***Company,Monica***REMOVED***Mcintyre,female,45
816,Wonka***REMOVED***Company,Angela***REMOVED***Bowman,none,46
817,Wonka***REMOVED***Company,Charlotte***REMOVED***Mcneal,female,44
818,Wonka***REMOVED***Company,Ralph***REMOVED***Macdonald,male,60
819,Wonka***REMOVED***Company,Linda***REMOVED***Cunningham,female,55
820,Wonka***REMOVED***Company,Walter***REMOVED***Johnson,male,44
821,Wonka***REMOVED***Company,Deborah***REMOVED***Ryan,female,35
822,Wonka***REMOVED***Company,Frankie***REMOVED***Ortega,female,54
823,Wonka***REMOVED***Company,Murray***REMOVED***Chang,none,33
824,Wonka***REMOVED***Company,Janet***REMOVED***Briggs,none,45
825,Wonka***REMOVED***Company,Karen***REMOVED***Gilley,female,35
826,Wonka***REMOVED***Company,Chris***REMOVED***Gregory,male,44
827,Wonka***REMOVED***Company,James***REMOVED***Lubin,male,54
828,Wonka***REMOVED***Company,Thomas***REMOVED***Chary,male,23
829,Wonka***REMOVED***Company,William***REMOVED***Johnson,male,50
830,Wonka***REMOVED***Company,Carlos***REMOVED***Hernandez,male,32
831,Wonka***REMOVED***Company,Dorothy***REMOVED***Lawrence,female,28
832,Wonka***REMOVED***Company,Richard***REMOVED***Ware,male,55
833,Wonka***REMOVED***Company,Natalie***REMOVED***Miller,none,43
834,Wonka***REMOVED***Company,Carlos***REMOVED***Lanier,male,58
835,Wonka***REMOVED***Company,Phyllis***REMOVED***Morse,female,46
836,Wonka***REMOVED***Company,Edward***REMOVED***Amsterdam,male,36
837,Wonka***REMOVED***Company,Harold***REMOVED***Uren,male,50
838,Wonka***REMOVED***Company,Rosemary***REMOVED***Kelly,female,23
839,Wonka***REMOVED***Company,Ben***REMOVED***Brummer,male,55
840,Wonka***REMOVED***Company,John***REMOVED***Vil,none,55
841,Wonka***REMOVED***Company,Suzanne***REMOVED***Thomas,none,36
842,Wonka***REMOVED***Company,Lavinia***REMOVED***Hankey,female,32
843,Wonka***REMOVED***Company,Michael***REMOVED***Dabbs,male,29
844,Wonka***REMOVED***Company,Brian***REMOVED***Morales,male,56
845,Wonka***REMOVED***Company,Alex***REMOVED***Branhan,none,49
846,Wonka***REMOVED***Company,Thomas***REMOVED***Cagle,male,42
847,Wonka***REMOVED***Company,Hillary***REMOVED***Young,none,32
848,Wonka***REMOVED***Company,Patrick***REMOVED***Henderson,male,37
849,Wonka***REMOVED***Company,Lisa***REMOVED***Castro,female,25
850,Wonka***REMOVED***Company,Mike***REMOVED***Williamson,male,63
851,Wonka***REMOVED***Company,Jonathan***REMOVED***Andrews,none,58
852,Wonka***REMOVED***Company,Kaitlyn***REMOVED***Wood,female,57
853,Wonka***REMOVED***Company,Fred***REMOVED***Bergeson,male,40
854,Wonka***REMOVED***Company,Eric***REMOVED***Singleton,none,46
855,Wonka***REMOVED***Company,Brian***REMOVED***Shevlin,none,61
856,Wonka***REMOVED***Company,Jake***REMOVED***Rollo,male,60
857,Wonka***REMOVED***Company,Tony***REMOVED***Lilly,none,28
858,Wonka***REMOVED***Company,Helen***REMOVED***Baker,female,31
859,Wonka***REMOVED***Company,Reyna***REMOVED***Nelson,female,32
860,Wonka***REMOVED***Company,Trent***REMOVED***Hughes,male,33
861,Wonka***REMOVED***Company,Yu***REMOVED***Edwards,none,47
862,Wonka***REMOVED***Company,Margaret***REMOVED***Phillips,none,39
863,Wonka***REMOVED***Company,Ronald***REMOVED***Markus,none,63
864,Wonka***REMOVED***Company,Helen***REMOVED***Weidert,none,24
865,Wonka***REMOVED***Company,Gary***REMOVED***Thurston,male,49
866,Wonka***REMOVED***Company,Yvonne***REMOVED***Ahmad,female,46
867,Wonka***REMOVED***Company,John***REMOVED***Rivera,male,40
868,Wonka***REMOVED***Company,Eric***REMOVED***Galioto,male,37
869,Wonka***REMOVED***Company,Jose***REMOVED***Bowen,male,65
870,Wonka***REMOVED***Company,Rachel***REMOVED***Garcia,none,25
871,Wonka***REMOVED***Company,Ruben***REMOVED***Beezley,male,21
872,Wonka***REMOVED***Company,Anthony***REMOVED***Hunt,none,31
873,Wonka***REMOVED***Company,William***REMOVED***Lindsey,male,27
874,Wonka***REMOVED***Company,Nancy***REMOVED***Gentry,none,30
875,Wonka***REMOVED***Company,John***REMOVED***White,male,61
876,Wonka***REMOVED***Company,John***REMOVED***Harris,male,22
877,Wonka***REMOVED***Company,Kevin***REMOVED***Gay,male,48
878,Wonka***REMOVED***Company,Eric***REMOVED***Limbrick,none,42
879,Wonka***REMOVED***Company,Tyler***REMOVED***Eddy,male,65
880,Wonka***REMOVED***Company,Alejandro***REMOVED***Hess,male,61
881,Wonka***REMOVED***Company,Marlene***REMOVED***Williams,female,42
882,Wonka***REMOVED***Company,Kimberlee***REMOVED***Knipper,female,58
883,Wonka***REMOVED***Company,Laura***REMOVED***Webb,female,46
884,Wonka***REMOVED***Company,Linda***REMOVED***Brown,none,58
885,Acme***REMOVED***Factory,Erma***REMOVED***Smith,female,28
886,Acme***REMOVED***Factory,Gregory***REMOVED***Patterson,none,37
887,Acme***REMOVED***Factory,Candida***REMOVED***Marrs,female,46
888,Acme***REMOVED***Factory,James***REMOVED***Ayala,male,23
889,Acme***REMOVED***Factory,Leslie***REMOVED***Smith,none,29
890,Acme***REMOVED***Factory,Tyler***REMOVED***Jones,male,58
891,Acme***REMOVED***Factory,Carolyn***REMOVED***Caldwell,female,31
892,Acme***REMOVED***Factory,Tanya***REMOVED***Norman,female,23
893,Acme***REMOVED***Factory,Jessica***REMOVED***Godina,none,30
894,Acme***REMOVED***Factory,Ashley***REMOVED***Miller,female,24
895,Acme***REMOVED***Factory,Alex***REMOVED***Fratta,male,33
896,Acme***REMOVED***Factory,Josephine***REMOVED***Sigmon,female,50
897,Acme***REMOVED***Factory,Thomas***REMOVED***Smith,male,59
898,Acme***REMOVED***Factory,Edwin***REMOVED***Miller,male,29
899,Acme***REMOVED***Factory,Patricia***REMOVED***Hardy,none,46
900,Acme***REMOVED***Factory,Darin***REMOVED***Lopez,male,35
901,Acme***REMOVED***Factory,Roderick***REMOVED***Holloway,none,52
902,Acme***REMOVED***Factory,David***REMOVED***Klein,none,38
903,Acme***REMOVED***Factory,George***REMOVED***Mohn,none,44
904,Acme***REMOVED***Factory,Rebecca***REMOVED***Beach,none,27
905,Acme***REMOVED***Factory,John***REMOVED***Curtiss,male,53
906,Acme***REMOVED***Factory,Mario***REMOVED***Mendoza,male,41
907,Acme***REMOVED***Factory,Daniel***REMOVED***Capone,none,55
908,Acme***REMOVED***Factory,Mary***REMOVED***Worley,female,56
909,Acme***REMOVED***Factory,Dennis***REMOVED***Shipley,none,23
910,Acme***REMOVED***Factory,William***REMOVED***Anderson,male,59
911,Acme***REMOVED***Factory,Eric***REMOVED***Starkey,male,47
912,Acme***REMOVED***Factory,Nicole***REMOVED***Gray,female,43
913,Acme***REMOVED***Factory,Elsa***REMOVED***Wagner,female,37
914,Acme***REMOVED***Factory,Jeffrey***REMOVED***Ramage,male,40
915,Acme***REMOVED***Factory,Beau***REMOVED***Butler,male,56
916,Acme***REMOVED***Factory,Clifford***REMOVED***Gonzalez,male,33
917,Acme***REMOVED***Factory,Claude***REMOVED***Ramos,male,46
918,Acme***REMOVED***Factory,Jennifer***REMOVED***Gray,female,24
919,Acme***REMOVED***Factory,Robert***REMOVED***Luther,male,52
920,Acme***REMOVED***Factory,Vincent***REMOVED***Reyna,male,65
921,Acme***REMOVED***Factory,Charlie***REMOVED***Mccormack,none,33
922,Acme***REMOVED***Factory,Earl***REMOVED***Collins,male,31
923,Acme***REMOVED***Factory,Dorothy***REMOVED***Palmer,none,55
924,Acme***REMOVED***Factory,Marie***REMOVED***Witt,female,45
925,Acme***REMOVED***Factory,Jessie***REMOVED***Armstrong,none,64
926,Acme***REMOVED***Factory,Bertha***REMOVED***Garcia,female,28
927,Acme***REMOVED***Factory,Dolores***REMOVED***Chambers,female,55
928,Acme***REMOVED***Factory,Sonia***REMOVED***Walsh,female,24
929,Acme***REMOVED***Factory,Ann***REMOVED***Pope,female,37
930,Acme***REMOVED***Factory,Juan***REMOVED***Steinberg,male,39
931,Acme***REMOVED***Factory,Michael***REMOVED***Whitmire,male,56
932,Acme***REMOVED***Factory,Theresa***REMOVED***Smith,female,43
933,Acme***REMOVED***Factory,John***REMOVED***Baker,none,40
934,Acme***REMOVED***Factory,Harvey***REMOVED***Violette,male,25
935,Acme***REMOVED***Factory,Santo***REMOVED***Christ,male,46
936,Acme***REMOVED***Factory,Mary***REMOVED***Everts,female,51
937,Acme***REMOVED***Factory,Marc***REMOVED***Wiliams,none,32
938,Acme***REMOVED***Factory,Allison***REMOVED***White,none,28
939,Acme***REMOVED***Factory,Timothy***REMOVED***Taylor,male,37
940,Acme***REMOVED***Factory,Ronald***REMOVED***Sullivan,none,41
941,Acme***REMOVED***Factory,Wendy***REMOVED***Ferguson,female,57
942,Acme***REMOVED***Factory,Delia***REMOVED***Rodriguez,none,26
943,Acme***REMOVED***Factory,Linda***REMOVED***Hill,none,33
944,Acme***REMOVED***Factory,Carol***REMOVED***Bogdan,none,33
945,Acme***REMOVED***Factory,Kirk***REMOVED***Mccormick,male,55
946,Acme***REMOVED***Factory,David***REMOVED***Robinson,none,30
947,Acme***REMOVED***Factory,Beth***REMOVED***Bloodsaw,female,43
948,Acme***REMOVED***Factory,Phyllis***REMOVED***Flynn,female,36
949,Acme***REMOVED***Factory,Regan***REMOVED***Edwards,female,54
950,Acme***REMOVED***Factory,Ivan***REMOVED***Henton,male,32
951,Acme***REMOVED***Factory,Kathleen***REMOVED***Glass,female,35
952,Acme***REMOVED***Factory,Nathan***REMOVED***Binder,male,30
953,Acme***REMOVED***Factory,Jeffrey***REMOVED***Sutton,male,55
954,Acme***REMOVED***Factory,James***REMOVED***Potts,male,52
955,Acme***REMOVED***Factory,Tad***REMOVED***Corry,male,27
956,Acme***REMOVED***Factory,Clarence***REMOVED***Gracely,male,51
957,Acme***REMOVED***Factory,Charles***REMOVED***Zoutte,male,64
958,Acme***REMOVED***Factory,Glenn***REMOVED***Jenkins,male,51
959,Acme***REMOVED***Factory,Janice***REMOVED***Hutchinson,none,64
960,Acme***REMOVED***Factory,Theresa***REMOVED***Guttmann,female,33
961,Acme***REMOVED***Factory,Howard***REMOVED***Price,male,34
962,Acme***REMOVED***Factory,Tiffany***REMOVED***Behm,female,46
963,Acme***REMOVED***Factory,Robert***REMOVED***Taylor,male,54
964,Acme***REMOVED***Factory,Ernest***REMOVED***Bybee,male,62
965,Acme***REMOVED***Factory,Gary***REMOVED***Vasquez,none,36
966,Acme***REMOVED***Factory,Steven***REMOVED***Armstrong,male,54
967,Acme***REMOVED***Factory,Helen***REMOVED***Castrellon,none,39
968,Acme***REMOVED***Factory,Martha***REMOVED***Cole,female,41
969,Acme***REMOVED***Factory,Christopher***REMOVED***Marquez,male,27
970,Acme***REMOVED***Factory,Juan***REMOVED***Flood,male,35
971,Acme***REMOVED***Factory,Mona***REMOVED***Wilson,female,58
972,Acme***REMOVED***Factory,Lisa***REMOVED***Ward,none,32
973,Acme***REMOVED***Factory,Kathleen***REMOVED***Fernandez,female,64
974,Acme***REMOVED***Factory,Katina***REMOVED***Filion,female,50
975,Acme***REMOVED***Factory,Nancy***REMOVED***Mondragon,none,27
976,Acme***REMOVED***Factory,Maria***REMOVED***Peterson,female,62
977,Acme***REMOVED***Factory,Suzanne***REMOVED***Mancine,none,58
978,Acme***REMOVED***Factory,Melanie***REMOVED***Mcquistion,female,35
979,Acme***REMOVED***Factory,Joshua***REMOVED***Hurdle,male,42
980,Acme***REMOVED***Factory,Bill***REMOVED***Cotton,male,42
981,Acme***REMOVED***Factory,Mary***REMOVED***Brumfield,none,30
982,Acme***REMOVED***Factory,Clarence***REMOVED***Mcintosh,male,57
983,Acme***REMOVED***Factory,Daniel***REMOVED***Marin,male,43
984,Acme***REMOVED***Factory,George***REMOVED***Yanez,none,29
985,Acme***REMOVED***Factory,Laura***REMOVED***Ramirez,female,42
986,Acme***REMOVED***Factory,Danny***REMOVED***Ramos,none,64
987,Acme***REMOVED***Factory,Chris***REMOVED***Dougherty,none,40
988,Acme***REMOVED***Factory,Tosha***REMOVED***Hilton,female,36
989,Acme***REMOVED***Factory,William***REMOVED***Battey,male,28
990,Acme***REMOVED***Factory,Lorriane***REMOVED***Potts,female,48
991,Acme***REMOVED***Factory,Daniel***REMOVED***Kraham,male,62
992,Acme***REMOVED***Factory,Claudia***REMOVED***Liang,female,27
993,Acme***REMOVED***Factory,Shirley***REMOVED***Baldwin,female,38
994,Acme***REMOVED***Factory,Marion***REMOVED***Deleon,female,26
995,Acme***REMOVED***Factory,John***REMOVED***Parks,none,36
996,Acme***REMOVED***Factory,Thomas***REMOVED***Yang,none,36
997,Acme***REMOVED***Factory,Shirley***REMOVED***Rowles,female,39
998,Acme***REMOVED***Factory,Betty***REMOVED***Lindley,none,31
999,Acme***REMOVED***Factory,Robert***REMOVED***Scroggs,none,44
1000,Acme***REMOVED***Factory,Adam***REMOVED***Stanley,none,22
1001,Acme***REMOVED***Factory,Josephine***REMOVED***Strasser,female,21
1002,Acme***REMOVED***Factory,Nancy***REMOVED***Kramer,female,55
1003,Acme***REMOVED***Factory,Wanda***REMOVED***Underwood,female,38
1004,Acme***REMOVED***Factory,Carl***REMOVED***Saiz,none,58
1005,Acme***REMOVED***Factory,Tara***REMOVED***Moore,female,54
1006,Acme***REMOVED***Factory,Gregory***REMOVED***Dugas,none,33
1007,Acme***REMOVED***Factory,Shirley***REMOVED***Barnhill,female,51
1008,Acme***REMOVED***Factory,Eric***REMOVED***Mcmaster,none,43
1009,Acme***REMOVED***Factory,Neil***REMOVED***Tortora,none,38
1010,Acme***REMOVED***Factory,Donald***REMOVED***Bennett,male,61
1011,Acme***REMOVED***Factory,Bianca***REMOVED***Tew,none,40
1012,Acme***REMOVED***Factory,Marvel***REMOVED***Gill,female,46
1013,Acme***REMOVED***Factory,Lydia***REMOVED***Estrella,female,31
1014,Acme***REMOVED***Factory,Rosie***REMOVED***Perdue,none,41
1015,Acme***REMOVED***Factory,Daniel***REMOVED***Spurlock,none,61
1016,Acme***REMOVED***Factory,Nola***REMOVED***Harris,female,54
1017,Acme***REMOVED***Factory,Duane***REMOVED***Norton,male,47
1018,Acme***REMOVED***Factory,Elke***REMOVED***Cavallaro,female,31
1019,Acme***REMOVED***Factory,Doris***REMOVED***Irby,female,31
1020,Acme***REMOVED***Factory,Trina***REMOVED***Smith,female,34
1021,Acme***REMOVED***Factory,Martha***REMOVED***Calhoun,female,58
1022,Acme***REMOVED***Factory,Earline***REMOVED***Sherrod,none,22
1023,Acme***REMOVED***Factory,Robert***REMOVED***Avila,male,54
1024,Acme***REMOVED***Factory,Natalie***REMOVED***Ackerley,none,34
1025,Acme***REMOVED***Factory,Steven***REMOVED***Napier,male,57
1026,Acme***REMOVED***Factory,Ted***REMOVED***Bonneau,male,44
1027,Acme***REMOVED***Factory,Myong***REMOVED***Harris,none,45
1028,Acme***REMOVED***Factory,Jonathan***REMOVED***Crawford,male,59
1029,Acme***REMOVED***Factory,Steven***REMOVED***Carlisle,male,43
1030,Acme***REMOVED***Factory,Shaun***REMOVED***Bell,none,36
1031,Acme***REMOVED***Factory,John***REMOVED***Lynum,none,42
1032,Acme***REMOVED***Factory,Linda***REMOVED***Clark,none,55
1033,Acme***REMOVED***Factory,Chad***REMOVED***Treisch,male,53
1034,Acme***REMOVED***Factory,Alton***REMOVED***Jastrebski,male,32
1035,Acme***REMOVED***Factory,Katherine***REMOVED***Ruff,none,37
1036,Acme***REMOVED***Factory,Helen***REMOVED***Hammond,female,60
1037,Acme***REMOVED***Factory,Amanda***REMOVED***Kohn,female,40
1038,Acme***REMOVED***Factory,Alice***REMOVED***Hernandez,female,46
1039,Acme***REMOVED***Factory,Laura***REMOVED***Jaynes,female,44
1040,Acme***REMOVED***Factory,Jean***REMOVED***Duke,male,36
1041,Acme***REMOVED***Factory,Mike***REMOVED***Casillas,male,33
1042,Acme***REMOVED***Factory,Juan***REMOVED***Pearson,male,65
1043,Acme***REMOVED***Factory,Adrian***REMOVED***Haight,none,41
1044,Acme***REMOVED***Factory,Adam***REMOVED***Clasen,male,27
1045,Acme***REMOVED***Factory,Ernesto***REMOVED***Hall,none,40
1046,Acme***REMOVED***Factory,John***REMOVED***Millner,none,49
1047,Acme***REMOVED***Factory,Jennifer***REMOVED***Ferguson,none,55
1048,Acme***REMOVED***Factory,Grace***REMOVED***Martin,female,27
1049,Acme***REMOVED***Factory,Nannie***REMOVED***Warren,female,53
1050,Acme***REMOVED***Factory,Karen***REMOVED***Kneeland,none,57
1051,Acme***REMOVED***Factory,Catalina***REMOVED***Rosario,female,57
1052,Acme***REMOVED***Factory,Francis***REMOVED***Ferry,none,34
1053,Acme***REMOVED***Factory,Paul***REMOVED***Hovermale,male,46
1054,Acme***REMOVED***Factory,Leslie***REMOVED***Rosas,female,38
1055,Acme***REMOVED***Factory,Demarcus***REMOVED***Vaughan,none,25
1056,Acme***REMOVED***Factory,Guy***REMOVED***Love,male,37
1057,Acme***REMOVED***Factory,Mark***REMOVED***Harris,male,50
1058,Acme***REMOVED***Factory,Charles***REMOVED***Gibbons,male,44
1059,Acme***REMOVED***Factory,Karla***REMOVED***Guerrette,none,32
1060,Acme***REMOVED***Factory,Karen***REMOVED***Hill,none,27
1061,Acme***REMOVED***Factory,Lisa***REMOVED***Treadway,female,31
1062,Acme***REMOVED***Factory,Gilbert***REMOVED***Burroughs,male,27
1063,Acme***REMOVED***Factory,Shirley***REMOVED***Callahan,none,63
1064,Acme***REMOVED***Factory,Mark***REMOVED***Brownfield,male,63
1065,Acme***REMOVED***Factory,Casey***REMOVED***Joos,male,60
1066,Acme***REMOVED***Factory,Virginia***REMOVED***Walker,female,43
1067,Acme***REMOVED***Factory,Rosita***REMOVED***Dorsch,female,36
1068,Acme***REMOVED***Factory,Melissa***REMOVED***Morrison,female,61
1069,Acme***REMOVED***Factory,Luther***REMOVED***Campbell,male,49
1070,Acme***REMOVED***Factory,Darren***REMOVED***Rice,male,26
1071,Acme***REMOVED***Factory,Elizabeth***REMOVED***Baker,none,59
1072,Acme***REMOVED***Factory,Glenna***REMOVED***Ernst,female,47
1073,Acme***REMOVED***Factory,Monika***REMOVED***Lightner,female,62
1074,Acme***REMOVED***Factory,Judy***REMOVED***Dickie,female,34
1075,Acme***REMOVED***Factory,Wesley***REMOVED***Collins,none,23
1076,Acme***REMOVED***Factory,Camille***REMOVED***Bosley,female,47
1077,Acme***REMOVED***Factory,David***REMOVED***Harwell,none,36
1078,Acme***REMOVED***Factory,Rashida***REMOVED***Allan,none,55
1079,Acme***REMOVED***Factory,Hortensia***REMOVED***Finch,female,62
1080,Acme***REMOVED***Factory,Ramon***REMOVED***Shoji,male,53
1081,Acme***REMOVED***Factory,Albert***REMOVED***Sparks,male,58
1082,Acme***REMOVED***Factory,Jonathan***REMOVED***Partlow,male,37
1083,Acme***REMOVED***Factory,Christopher***REMOVED***Mccormick,none,28
1084,Acme***REMOVED***Factory,Gregory***REMOVED***Clay,male,59
1085,Acme***REMOVED***Factory,Rose***REMOVED***Snow,female,23
1086,Acme***REMOVED***Factory,Jeffrey***REMOVED***Duarte,none,32
1087,Acme***REMOVED***Factory,Sona***REMOVED***Paolucci,female,52
1088,Acme***REMOVED***Factory,Jack***REMOVED***Gold,male,24
1089,Acme***REMOVED***Factory,Forrest***REMOVED***Kaufman,none,58
1090,Acme***REMOVED***Factory,Albert***REMOVED***Colley,none,39
1091,Acme***REMOVED***Factory,Richard***REMOVED***Mcdaries,male,22
1092,Acme***REMOVED***Factory,Bryon***REMOVED***Denton,male,38
1093,Acme***REMOVED***Factory,Todd***REMOVED***Morgan,male,24
1094,Acme***REMOVED***Factory,Arlene***REMOVED***Suk,female,25
1095,Acme***REMOVED***Factory,Sam***REMOVED***Donnelly,male,26
1096,Acme***REMOVED***Factory,Rosemary***REMOVED***Finnell,female,29
1097,Acme***REMOVED***Factory,Mary***REMOVED***Oldham,none,47
1098,Acme***REMOVED***Factory,Lyman***REMOVED***Aguinaldo,male,61
1099,Acme***REMOVED***Factory,Joseph***REMOVED***Nitz,male,36
1100,Acme***REMOVED***Factory,David***REMOVED***Brooks,none,33
1101,Acme***REMOVED***Factory,Kristin***REMOVED***Gaiser,female,58
1102,Acme***REMOVED***Factory,Beverly***REMOVED***Porter,none,27
1103,Acme***REMOVED***Factory,Bernice***REMOVED***Baker,female,23
1104,Acme***REMOVED***Factory,Juanita***REMOVED***Palmer,none,42
1105,Acme***REMOVED***Factory,Cynthia***REMOVED***Hambleton,none,45
1106,Acme***REMOVED***Factory,Dwight***REMOVED***Hammers,male,34
1107,Acme***REMOVED***Factory,Hildegard***REMOVED***Gerlach,female,40
1108,Acme***REMOVED***Factory,Jennifer***REMOVED***Ferrer,female,65
1109,Acme***REMOVED***Factory,Gregory***REMOVED***Fiorini,male,28
1110,Acme***REMOVED***Factory,Amy***REMOVED***Thomas,none,27
1111,Acme***REMOVED***Factory,Agnes***REMOVED***Allen,female,61
1112,Acme***REMOVED***Factory,Troy***REMOVED***Reader,none,40
1113,Acme***REMOVED***Factory,Travis***REMOVED***Cordell,male,44
1114,Acme***REMOVED***Factory,Sandra***REMOVED***Wang,female,50
1115,Acme***REMOVED***Factory,Naomi***REMOVED***Varner,female,58
1116,Acme***REMOVED***Factory,Henry***REMOVED***Korczynski,male,21
1117,Acme***REMOVED***Factory,Jonathan***REMOVED***Ferguson,none,40
1118,Acme***REMOVED***Factory,Emanuel***REMOVED***Ross,male,47
1119,Acme***REMOVED***Factory,Brian***REMOVED***Eckhardt,none,29
1120,Acme***REMOVED***Factory,Josephine***REMOVED***Underwood,female,56
1121,Acme***REMOVED***Factory,Carrie***REMOVED***Weir,female,43
1122,Acme***REMOVED***Factory,Kevin***REMOVED***Summers,male,43
1123,Acme***REMOVED***Factory,Heath***REMOVED***Lapierre,male,33
1124,Acme***REMOVED***Factory,Claude***REMOVED***Hiatt,male,24
1125,Acme***REMOVED***Factory,Rebecca***REMOVED***Englert,female,50
1126,Acme***REMOVED***Factory,Walter***REMOVED***Bernat,male,27
1127,Acme***REMOVED***Factory,Holly***REMOVED***Payton,female,46
1128,Acme***REMOVED***Factory,Winston***REMOVED***Hogen,none,49
1129,Acme***REMOVED***Factory,Melvin***REMOVED***Griggs,male,48
1130,Acme***REMOVED***Factory,Steve***REMOVED***Shoffner,none,48
1131,Acme***REMOVED***Factory,Aaron***REMOVED***Dyson,male,28
1132,Acme***REMOVED***Factory,Shannon***REMOVED***Venegas,female,38
1133,Acme***REMOVED***Factory,Brady***REMOVED***Harris,male,57
1134,Acme***REMOVED***Factory,Mary***REMOVED***Benton,none,54
1135,Acme***REMOVED***Factory,Jessica***REMOVED***Sancho,female,38
1136,Acme***REMOVED***Factory,Brian***REMOVED***Mack,none,64
1137,Acme***REMOVED***Factory,Jessica***REMOVED***Christensen,female,47
1138,Acme***REMOVED***Factory,Leonora***REMOVED***Davis,female,26
1139,Acme***REMOVED***Factory,Marcos***REMOVED***Kirk,male,34
1140,Acme***REMOVED***Factory,Nathan***REMOVED***Robertson,male,58
1141,Acme***REMOVED***Factory,Anthony***REMOVED***Doggett,male,28
1142,Acme***REMOVED***Factory,Larry***REMOVED***Gonzales,male,36
1143,Acme***REMOVED***Factory,Mary***REMOVED***Goodenow,none,63
1144,Acme***REMOVED***Factory,Norbert***REMOVED***Covington,male,30
1145,Acme***REMOVED***Factory,Leonor***REMOVED***Blanchard,none,39
1146,Umbrella***REMOVED***LTDA,Cynthia***REMOVED***Espinal,female,63
1147,Umbrella***REMOVED***LTDA,Bradley***REMOVED***Slaughter,male,33
1148,Umbrella***REMOVED***LTDA,Laurel***REMOVED***Rodriguez,female,45
1149,Umbrella***REMOVED***LTDA,Troy***REMOVED***Gates,male,59
1150,Umbrella***REMOVED***LTDA,Ruth***REMOVED***Cook,none,27
1151,Umbrella***REMOVED***LTDA,Kathy***REMOVED***Le,female,29
1152,Umbrella***REMOVED***LTDA,Daniel***REMOVED***Swanger,male,31
1153,Umbrella***REMOVED***LTDA,Joyce***REMOVED***Holsten,female,42
1154,Umbrella***REMOVED***LTDA,Amy***REMOVED***Miller,female,28
1155,Umbrella***REMOVED***LTDA,Megan***REMOVED***Anderson,female,59
1156,Umbrella***REMOVED***LTDA,Michael***REMOVED***Mitchell,male,31
1157,Umbrella***REMOVED***LTDA,Vilma***REMOVED***Gehring,female,58
1158,Umbrella***REMOVED***LTDA,Kristyn***REMOVED***Vincent,female,39
1159,Umbrella***REMOVED***LTDA,Crystal***REMOVED***Fontaine,female,40
1160,Umbrella***REMOVED***LTDA,Garth***REMOVED***Alvarez,male,47
1161,Umbrella***REMOVED***LTDA,Mildred***REMOVED***Correa,female,47
1162,Umbrella***REMOVED***LTDA,Donnie***REMOVED***Taylor,male,36
1163,Umbrella***REMOVED***LTDA,Robert***REMOVED***Chalker,male,44
1164,Umbrella***REMOVED***LTDA,John***REMOVED***Brooks,male,39
1165,Umbrella***REMOVED***LTDA,Shonna***REMOVED***Humpherys,female,61
1166,Umbrella***REMOVED***LTDA,John***REMOVED***Watson,male,32
1167,Umbrella***REMOVED***LTDA,Richard***REMOVED***Kiani,male,21
1168,Umbrella***REMOVED***LTDA,Myrtle***REMOVED***Johnson,female,31
1169,Umbrella***REMOVED***LTDA,Edward***REMOVED***Jablonski,male,50
1170,Umbrella***REMOVED***LTDA,William***REMOVED***Henslee,male,62
1171,Umbrella***REMOVED***LTDA,Nichelle***REMOVED***Kercher,female,38
1172,Umbrella***REMOVED***LTDA,Margaret***REMOVED***Lee,female,21
1173,Umbrella***REMOVED***LTDA,David***REMOVED***Rave,none,29
1174,Umbrella***REMOVED***LTDA,Tamie***REMOVED***Thompson,none,26
1175,Umbrella***REMOVED***LTDA,Dora***REMOVED***Vaughn,none,21
1176,Umbrella***REMOVED***LTDA,Christopher***REMOVED***Allred,male,31
1177,Umbrella***REMOVED***LTDA,Brenda***REMOVED***Faulk,female,59
1178,Umbrella***REMOVED***LTDA,Matthew***REMOVED***Sell,male,37
1179,Umbrella***REMOVED***LTDA,Veronica***REMOVED***Mcnear,female,43
1180,Umbrella***REMOVED***LTDA,Jessica***REMOVED***Walden,none,28
1181,Umbrella***REMOVED***LTDA,Melissa***REMOVED***Livingston,none,65
1182,Umbrella***REMOVED***LTDA,Dorothy***REMOVED***Woods,none,60
1183,Umbrella***REMOVED***LTDA,Robin***REMOVED***Taylor,male,28
1184,Umbrella***REMOVED***LTDA,Nathaniel***REMOVED***Mcmillian,none,39
1185,Umbrella***REMOVED***LTDA,Andrew***REMOVED***Neely,male,47
1186,Umbrella***REMOVED***LTDA,Wilson***REMOVED***Kellam,male,56
1187,Umbrella***REMOVED***LTDA,Cody***REMOVED***Foster,male,27
1188,Umbrella***REMOVED***LTDA,Kim***REMOVED***Firestine,none,42
1189,Umbrella***REMOVED***LTDA,Jame***REMOVED***Weber,male,50
1190,Umbrella***REMOVED***LTDA,Matthew***REMOVED***Lewis,male,21
1191,Umbrella***REMOVED***LTDA,Charles***REMOVED***Plotkin,male,51
1192,Umbrella***REMOVED***LTDA,Danny***REMOVED***Henderson,male,32
1193,Umbrella***REMOVED***LTDA,Charla***REMOVED***Knickerbocker,none,27
1194,Umbrella***REMOVED***LTDA,Maria***REMOVED***Jones,none,33
1195,Umbrella***REMOVED***LTDA,Sandra***REMOVED***Newsome,female,35
1196,Umbrella***REMOVED***LTDA,Kevin***REMOVED***Averill,none,27
1197,Umbrella***REMOVED***LTDA,Maria***REMOVED***Hawthorne,none,58
1198,Umbrella***REMOVED***LTDA,Donnie***REMOVED***Ames,none,57
1199,Umbrella***REMOVED***LTDA,Michael***REMOVED***Parker,none,44
1200,Umbrella***REMOVED***LTDA,Alicia***REMOVED***Gilchrist,female,62
1201,Umbrella***REMOVED***LTDA,Samuel***REMOVED***Bejarano,male,36
1202,Umbrella***REMOVED***LTDA,Lauren***REMOVED***Saenz,none,37
1203,Umbrella***REMOVED***LTDA,Troy***REMOVED***Stenberg,none,53
1204,Umbrella***REMOVED***LTDA,Andrew***REMOVED***Gonzales,male,35
1205,Umbrella***REMOVED***LTDA,Julee***REMOVED***Ruper,female,36
1206,Umbrella***REMOVED***LTDA,Richard***REMOVED***Warren,male,64
1207,Umbrella***REMOVED***LTDA,Robert***REMOVED***Fulcher,male,25
1208,Umbrella***REMOVED***LTDA,Kyle***REMOVED***Jewell,male,42
1209,Umbrella***REMOVED***LTDA,Raymond***REMOVED***Lubin,none,46
1210,Umbrella***REMOVED***LTDA,Annette***REMOVED***Uppencamp,none,49
1211,Umbrella***REMOVED***LTDA,Keely***REMOVED***Richardson,female,31
1212,Umbrella***REMOVED***LTDA,Frances***REMOVED***Workman,female,39
1213,Umbrella***REMOVED***LTDA,Cecil***REMOVED***Bronson,none,51
1214,Umbrella***REMOVED***LTDA,Lydia***REMOVED***Goff,female,28
1215,Umbrella***REMOVED***LTDA,Zoe***REMOVED***Ruiz,female,24
1216,Umbrella***REMOVED***LTDA,Lois***REMOVED***Robins,none,42
1217,Umbrella***REMOVED***LTDA,Paul***REMOVED***Canter,none,24
1218,Umbrella***REMOVED***LTDA,Casey***REMOVED***Bring,none,65
1219,Umbrella***REMOVED***LTDA,Brian***REMOVED***Walker,male,26
1220,Umbrella***REMOVED***LTDA,Valerie***REMOVED***Miller,none,36
1221,Umbrella***REMOVED***LTDA,Clifton***REMOVED***Phillips,male,33
1222,Umbrella***REMOVED***LTDA,Steven***REMOVED***Smith,male,64
1223,Umbrella***REMOVED***LTDA,Victor***REMOVED***Ahern,none,40
1224,Umbrella***REMOVED***LTDA,Brian***REMOVED***Swigert,none,55
1225,Umbrella***REMOVED***LTDA,Danielle***REMOVED***Williams,female,27
1226,Umbrella***REMOVED***LTDA,Sandy***REMOVED***Ayala,male,22
1227,Umbrella***REMOVED***LTDA,Danny***REMOVED***Pitpitan,male,35
1228,Umbrella***REMOVED***LTDA,Jerry***REMOVED***Warman,male,22
1229,Umbrella***REMOVED***LTDA,Wilson***REMOVED***Lawler,male,35
1230,Umbrella***REMOVED***LTDA,Daniel***REMOVED***Terry,male,32
1231,Umbrella***REMOVED***LTDA,Clarence***REMOVED***Carleton,male,53
1232,Umbrella***REMOVED***LTDA,Christine***REMOVED***Fuller,female,63
1233,Umbrella***REMOVED***LTDA,Betty***REMOVED***Amos,female,60
1234,Umbrella***REMOVED***LTDA,Kayla***REMOVED***Henkes,female,62
1235,Umbrella***REMOVED***LTDA,Gary***REMOVED***Catania,none,65
1236,Umbrella***REMOVED***LTDA,James***REMOVED***Rose,none,51
1237,Umbrella***REMOVED***LTDA,Kathryn***REMOVED***Allen,female,55
1238,Umbrella***REMOVED***LTDA,Ina***REMOVED***Cassidy,none,26
1239,Umbrella***REMOVED***LTDA,Vanessa***REMOVED***Mckay,female,23
1240,Umbrella***REMOVED***LTDA,Scott***REMOVED***Evans,male,48
1241,Umbrella***REMOVED***LTDA,Frances***REMOVED***Anderson,female,62
1242,Umbrella***REMOVED***LTDA,Theresa***REMOVED***Bewick,none,48
1243,Umbrella***REMOVED***LTDA,Terri***REMOVED***Mario,female,64
1244,Umbrella***REMOVED***LTDA,Eddie***REMOVED***Hofman,none,57
1245,Umbrella***REMOVED***LTDA,Sandra***REMOVED***Fisher,female,39
1246,Umbrella***REMOVED***LTDA,Lan***REMOVED***Brown,none,37
1247,Umbrella***REMOVED***LTDA,Carol***REMOVED***Wright,none,36
1248,Umbrella***REMOVED***LTDA,Mathew***REMOVED***Marin,male,23
1249,Umbrella***REMOVED***LTDA,Eleanor***REMOVED***Washington,female,42
1250,Umbrella***REMOVED***LTDA,Lisa***REMOVED***Beaman,female,53
1251,Umbrella***REMOVED***LTDA,Patrick***REMOVED***Warfield,male,58
1252,Umbrella***REMOVED***LTDA,Lyndon***REMOVED***Germain,none,47
1253,Umbrella***REMOVED***LTDA,Sonia***REMOVED***Mims,none,26
1254,Umbrella***REMOVED***LTDA,Lorraine***REMOVED***Langston,female,59
1255,Umbrella***REMOVED***LTDA,Addie***REMOVED***Jones,female,37
1256,Umbrella***REMOVED***LTDA,Francisco***REMOVED***Sierra,male,28
1257,Umbrella***REMOVED***LTDA,Andre***REMOVED***Chambers,male,31
1258,Umbrella***REMOVED***LTDA,Daniel***REMOVED***Williams,male,32
1259,Umbrella***REMOVED***LTDA,Stacia***REMOVED***Ratcliff,none,22
1260,Umbrella***REMOVED***LTDA,Alfreda***REMOVED***Robertson,none,26
1261,Umbrella***REMOVED***LTDA,Robert***REMOVED***Fleming,none,61
1262,Umbrella***REMOVED***LTDA,Barbara***REMOVED***Trejo,none,31
1263,Umbrella***REMOVED***LTDA,Susan***REMOVED***Fassino,female,29
1264,Umbrella***REMOVED***LTDA,George***REMOVED***Herring,male,28
1265,Umbrella***REMOVED***LTDA,Lisa***REMOVED***Strickland,female,50
1266,Umbrella***REMOVED***LTDA,Patricia***REMOVED***Albino,female,58
1267,Umbrella***REMOVED***LTDA,Robert***REMOVED***Leek,male,44
1268,Umbrella***REMOVED***LTDA,Kathleen***REMOVED***Heller,female,46
1269,Umbrella***REMOVED***LTDA,Debra***REMOVED***Stubbs,female,60
1270,Umbrella***REMOVED***LTDA,Christopher***REMOVED***Wilkerson,none,47
1271,Umbrella***REMOVED***LTDA,Jessica***REMOVED***Hoskins,female,61
1272,Umbrella***REMOVED***LTDA,Deborah***REMOVED***Keiser,female,61
1273,Umbrella***REMOVED***LTDA,Mary***REMOVED***Cline,female,36
1274,Umbrella***REMOVED***LTDA,Charles***REMOVED***Smalley,none,26
1275,Umbrella***REMOVED***LTDA,Randall***REMOVED***Vanhoose,male,39
1276,Umbrella***REMOVED***LTDA,David***REMOVED***Mankey,male,49
1277,Umbrella***REMOVED***LTDA,Paul***REMOVED***Shields,male,37
1278,Umbrella***REMOVED***LTDA,Wayne***REMOVED***Williams,male,35
1279,Umbrella***REMOVED***LTDA,Gary***REMOVED***Clayton,none,64
1280,Umbrella***REMOVED***LTDA,John***REMOVED***Simpson,none,37
1281,Umbrella***REMOVED***LTDA,Shirley***REMOVED***Ortiz,female,63
1282,Umbrella***REMOVED***LTDA,John***REMOVED***Martindale,male,30
1283,Umbrella***REMOVED***LTDA,Terrence***REMOVED***Smith,none,23
1284,Umbrella***REMOVED***LTDA,June***REMOVED***Chynoweth,female,47
1285,Umbrella***REMOVED***LTDA,Bill***REMOVED***Wright,male,37
1286,Umbrella***REMOVED***LTDA,Beverly***REMOVED***Campbell,female,64
1287,Umbrella***REMOVED***LTDA,Lorene***REMOVED***Mason,female,58
1288,Umbrella***REMOVED***LTDA,Victor***REMOVED***Amick,none,22
1289,Umbrella***REMOVED***LTDA,Shirley***REMOVED***Oneal,female,24
1290,Umbrella***REMOVED***LTDA,William***REMOVED***Sabir,male,32
1291,Umbrella***REMOVED***LTDA,Bonnie***REMOVED***Miller,female,56
1292,Umbrella***REMOVED***LTDA,Nicole***REMOVED***Conroy,female,32
1293,Umbrella***REMOVED***LTDA,Thomas***REMOVED***Fennell,none,56
1294,Umbrella***REMOVED***LTDA,John***REMOVED***Moroney,male,34
1295,Umbrella***REMOVED***LTDA,Lauren***REMOVED***Reynolds,female,46
1296,Umbrella***REMOVED***LTDA,Julie***REMOVED***Lefebvre,female,59
1297,Umbrella***REMOVED***LTDA,Kathleen***REMOVED***Griggs,female,49
1298,Umbrella***REMOVED***LTDA,Lori***REMOVED***Barbour,female,32
1299,Umbrella***REMOVED***LTDA,Helen***REMOVED***Meyer,none,25
1300,Umbrella***REMOVED***LTDA,Cynthia***REMOVED***Noguera,female,30
1301,Umbrella***REMOVED***LTDA,Joseph***REMOVED***Turner,male,57
1302,Umbrella***REMOVED***LTDA,Marilee***REMOVED***Thompson,female,63
1303,Umbrella***REMOVED***LTDA,Douglas***REMOVED***Kreider,male,59
1304,Umbrella***REMOVED***LTDA,Daniel***REMOVED***Chobot,male,57
1305,Umbrella***REMOVED***LTDA,Sandra***REMOVED***Cutlip,female,51
1306,Umbrella***REMOVED***LTDA,David***REMOVED***Trost,male,40
1307,Umbrella***REMOVED***LTDA,Carl***REMOVED***Branch,male,56
1308,Umbrella***REMOVED***LTDA,Yolanda***REMOVED***Perry,female,25
1309,Umbrella***REMOVED***LTDA,Tony***REMOVED***Bishop,none,22
1310,Umbrella***REMOVED***LTDA,Billy***REMOVED***Polly,male,46
1311,Umbrella***REMOVED***LTDA,Timothy***REMOVED***Boyce,male,65
1312,Umbrella***REMOVED***LTDA,Matthew***REMOVED***Eskridge,male,38
1313,Umbrella***REMOVED***LTDA,Milton***REMOVED***Thompson,male,61
1314,Umbrella***REMOVED***LTDA,Janet***REMOVED***Bufkin,female,43
1315,Umbrella***REMOVED***LTDA,Annabel***REMOVED***Loughran,female,23
1316,Umbrella***REMOVED***LTDA,Joseph***REMOVED***Colvin,male,50
1317,Umbrella***REMOVED***LTDA,Goldie***REMOVED***Pankratz,none,45
1318,Umbrella***REMOVED***LTDA,Harriette***REMOVED***Roswick,none,55
1319,Umbrella***REMOVED***LTDA,Grace***REMOVED***Walling,none,51
1320,Umbrella***REMOVED***LTDA,Trevor***REMOVED***Robinson,male,26
1321,Umbrella***REMOVED***LTDA,Cynthia***REMOVED***Starkey,none,59
1322,Umbrella***REMOVED***LTDA,Irene***REMOVED***Cavanaugh,none,31
1323,Umbrella***REMOVED***LTDA,Helen***REMOVED***Warner,female,24
1324,Umbrella***REMOVED***LTDA,Jason***REMOVED***Fraser,none,26
1325,Umbrella***REMOVED***LTDA,Doris***REMOVED***Wendt,female,51
1326,Umbrella***REMOVED***LTDA,Phillip***REMOVED***Sarni,male,60
1327,Umbrella***REMOVED***LTDA,Joseph***REMOVED***Mccoy,male,42
1328,Umbrella***REMOVED***LTDA,Cheryl***REMOVED***Avila,female,51
1329,Umbrella***REMOVED***LTDA,Alva***REMOVED***Johnson,male,59
1330,Umbrella***REMOVED***LTDA,Laura***REMOVED***Helle,none,59
1331,Umbrella***REMOVED***LTDA,Nathan***REMOVED***Kyle,male,37
1332,Umbrella***REMOVED***LTDA,Kimberly***REMOVED***Jessica,female,37
1333,Umbrella***REMOVED***LTDA,Misty***REMOVED***Littlefield,female,21
1334,Umbrella***REMOVED***LTDA,Tina***REMOVED***Lancaster,female,60
1335,Umbrella***REMOVED***LTDA,Albert***REMOVED***Garroutte,male,23
1336,Umbrella***REMOVED***LTDA,Kim***REMOVED***Shores,female,40
1337,Umbrella***REMOVED***LTDA,James***REMOVED***Gimenez,male,28
1338,Umbrella***REMOVED***LTDA,Viola***REMOVED***Agosta,female,52
1339,Umbrella***REMOVED***LTDA,Paul***REMOVED***Rodriguez,male,35
